tweet_id,final_rating,dog_predict,retweet_count,favorite_count
892177421306343426,130.0,Chihuahua,6514.0,33819.0
891815181378084864,120.0,Chihuahua,4328.0,25461.0
891689557279858688,130.0,Labrador_retriever,8964.0,42908.0
891327558926688256,120.0,basset,9774.0,41048.0
891087950875897856,130.0,Chesapeake_Bay_retriever,3261.0,20562.0
890971913173991426,130.0,Appenzeller,2158.0,12041.0
890729181411237888,130.0,Pomeranian,16716.0,56848.0
890609185150312448,130.0,Irish_terrier,4429.0,28226.0
890240255349198849,140.0,Pembroke,7711.0,32467.0
890006608113172480,130.0,Samoyed,7624.0,31166.0
889880896479866881,130.0,French_bulldog,5156.0,28268.0
889665388333682689,130.0,Pembroke,8538.0,38818.0
889638837579907072,120.0,French_bulldog,4735.0,27672.0
889531135344209921,130.0,golden_retriever,2321.0,15359.0
889278841981685760,130.0,whippet,5637.0,25652.0
888917238123831296,120.0,golden_retriever,4709.0,29611.0
888804989199671297,130.0,golden_retriever,4559.0,26080.0
888554962724278272,130.0,Siberian_husky,3732.0,20290.0
888202515573088257,130.0,Pembroke,,
888078434458587136,120.0,French_bulldog,3653.0,22201.0
887705289381826560,130.0,basset,5609.0,30779.0
887473957103951883,130.0,Pembroke,18781.0,69871.0
887343217045368832,130.0,Mexican_hairless,10737.0,34222.0
887101392804085760,120.0,Samoyed,6167.0,31061.0
886983233522544640,130.0,Chihuahua,8084.0,35859.0
886736880519319552,130.0,kuvasz,3443.0,12306.0
886366144734445568,120.0,French_bulldog,3316.0,21524.0
886258384151887873,130.0,pug,6523.0,28469.0
885984800019947520,120.0,Blenheim_spaniel,7097.0,33382.0
885528943205470208,130.0,pug,6683.0,36689.0
885311592912609280,130.0,Labrador_retriever,19297.0,0.0
885167619883638784,130.0,malamute,4556.0,22367.0
884925521741709313,120.0,Italian_greyhound,16439.0,68152.0
884876753390489601,130.0,chow,6096.0,28514.0
884562892145688576,130.0,pug,5100.0,24765.0
884441805382717440,140.0,Pembroke,5856.0,27478.0
884162670584377345,120.0,German_shepherd,3128.0,20771.0
883838122936631299,120.0,Doberman,3586.0,22349.0
883482846933004288,50.0,golden_retriever,10407.0,46860.0
883360690899218434,130.0,chow,3825.0,22986.0
883117836046086144,130.0,golden_retriever,6949.0,37914.0
882992080364220416,130.0,Eskimo_dog,4122.0,24445.0
882762694511734784,120.0,Labrador_retriever,5134.0,28903.0
882627270321602560,130.0,Pembroke,6342.0,28382.0
882268110199369728,130.0,golden_retriever,12118.0,45880.0
882045870035918850,130.0,golden_retriever,5203.0,29900.0
881906580714921986,120.0,Weimaraner,3533.0,24773.0
881666595344535552,130.0,Saluki,11099.0,51522.0
881536004380872706,140.0,Samoyed,16570.0,50199.0
880872448815771648,120.0,Pembroke,3989.0,21734.0
880465832366813184,120.0,golden_retriever,6546.0,29075.0
880221127280381952,120.0,Chihuahua,4436.0,27640.0
880095782870896641,110.0,miniature_pinscher,4533.0,28150.0
879862464715927552,130.0,basset,3642.0,22667.0
879492040517615616,120.0,German_short-haired_pointer,3323.0,23822.0
879415818425184262,130.0,English_springer,45849.0,107956.0
879376492567855104,120.0,Labrador_retriever,3261.0,17099.0
879008229531029506,130.0,vizsla,2812.0,19317.0
878776093423087618,130.0,Italian_greyhound,4319.0,19763.0
878281511006478336,130.0,basset,1349.0,7913.0
878057613040115712,140.0,French_bulldog,7181.0,42876.0
877736472329191424,130.0,Chesapeake_Bay_retriever,17300.0,71144.0
877611172832227328,140.0,Irish_setter,83.0,0.0
877556246731214848,120.0,basset,3994.0,23258.0
877316821321428993,130.0,Saluki,5414.0,27907.0
877201837425926144,120.0,Pembroke,5880.0,27755.0
876838120628539392,120.0,bloodhound,3506.0,21125.0
876484053909872640,130.0,golden_retriever,2511.0,19163.0
876120275196170240,130.0,Bernese_mountain_dog,4903.0,28490.0
875747767867523072,130.0,Labrador_retriever,4497.0,25773.0
875144289856114688,130.0,Siberian_husky,5081.0,22185.0
875021211251597312,120.0,West_Highland_white_terrier,4922.0,26022.0
874680097055178752,120.0,Labrador_retriever,4875.0,28439.0
874296783580663808,130.0,cocker_spaniel,4308.0,26651.0
874057562936811520,120.0,flat-coated_retriever,4125.0,23134.0
874012996292530176,130.0,Cardigan,11007.0,35501.0
873697596434513921,140.0,French_bulldog,12518.0,0.0
873580283840344065,130.0,Newfoundland,4143.0,24837.0
873213775632977920,120.0,vizsla,1667.0,7467.0
872967104147763200,120.0,Labrador_retriever,5669.0,28031.0
872820683541237760,130.0,pug,3884.0,15029.0
872620804844003328,130.0,cocker_spaniel,3911.0,21309.0
872486979161796608,120.0,Pembroke,9429.0,41606.0
872261713294495745,130.0,Labrador_retriever,6649.0,35085.0
872122724285648897,120.0,pug,8549.0,35324.0
871879754684805121,130.0,Shetland_sheepdog,11918.0,39090.0
871762521631449091,120.0,Labrador_retriever,3678.0,20787.0
871515927908634625,120.0,komondor,3628.0,20730.0
871032628920680449,130.0,kelpie,3999.0,23255.0
870656317836468226,130.0,Pembroke,2817.0,12819.0
870374049280663552,130.0,golden_retriever,27680.0,85011.0
870308999962521604,130.0,Greater_Swiss_Mountain_dog,4384.0,22453.0
869772420881756160,130.0,Pembroke,10663.0,43710.0
869702957897576449,130.0,Pembroke,6728.0,29116.0
869596645499047938,120.0,Chihuahua,3327.0,16476.0
869227993411051520,130.0,Pembroke,4023.0,21112.0
868880397819494401,140.0,French_bulldog,12518.0,55098.0
868622495443632128,130.0,Labrador_retriever,6275.0,28295.0
868552278524837888,120.0,whippet,2240.0,10539.0
867900495410671616,120.0,Labrador_retriever,4439.0,24964.0
867774946302451713,130.0,Border_collie,7788.0,35179.0
867421006826221569,120.0,Eskimo_dog,2697.0,16755.0
867072653475098625,130.0,Blenheim_spaniel,135.0,0.0
867051520902168576,130.0,Samoyed,8425.0,33420.0
866686824827068416,120.0,flat-coated_retriever,3727.0,20070.0
866450705531457537,130.0,French_bulldog,32883.0,106827.0
866334964761202691,120.0,Samoyed,15546.0,54720.0
865718153858494464,130.0,golden_retriever,6008.0,26640.0
865359393868664832,130.0,Chesapeake_Bay_retriever,5384.0,27530.0
865006731092295680,130.0,Pembroke,8209.0,29063.0
864279568663928832,120.0,bull_mastiff,3266.0,15195.0
864197398364647424,130.0,golden_retriever,9616.0,31459.0
863553081350529029,130.0,Eskimo_dog,4489.0,15935.0
863432100342583297,120.0,Staffordshire_bullterrier,5664.0,24829.0
863079547188785154,140.0,Lakeland_terrier,1195.0,9094.0
863062471531167744,130.0,French_bulldog,2687.0,8945.0
862831371563274240,130.0,Australian_terrier,5457.0,20011.0
862722525377298433,110.0,basset,3809.0,17779.0
862096992088072192,130.0,chow,21840.0,66437.0
861769973181624320,130.0,cocker_spaniel,37911.0,0.0
861383897657036800,130.0,Cardigan,11528.0,37744.0
861288531465048066,130.0,Bouvier_des_Flandres,4479.0,18032.0
861005113778896900,120.0,German_shepherd,4119.0,17538.0
860563773140209665,130.0,Cardigan,2334.0,7878.0
860524505164394496,130.0,Bedlington_terrier,5698.0,24678.0
859924526012018688,120.0,French_bulldog,4349.0,20021.0
859851578198683649,130.0,Labrador_retriever,3780.0,16105.0
859607811541651456,130.0,golden_retriever,1704.0,19476.0
859196978902773760,120.0,malamute,25661.0,75193.0
858843525470990336,130.0,golden_retriever,3771.0,16304.0
858471635011153920,130.0,Pembroke,5271.0,22640.0
858107933456039936,120.0,golden_retriever,3154.0,16524.0
857989990357356544,120.0,French_bulldog,2812.0,16952.0
857746408056729600,130.0,Labrador_retriever,11524.0,36021.0
857393404942143489,130.0,malamute,1785.0,6236.0
857263160327368704,130.0,Samoyed,4934.0,21041.0
857029823797047296,120.0,golden_retriever,4364.0,19910.0
856543823941562368,120.0,Boston_bull,3131.0,17135.0
856526610513747968,140.0,Old_English_sheepdog,2068.0,12446.0
856282028240666624,140.0,Chihuahua,6841.0,29086.0
855851453814013952,130.0,flat-coated_retriever,19196.0,47844.0
855459453768019968,120.0,Blenheim_spaniel,8987.0,31657.0
854732716440526848,120.0,Pembroke,6690.0,24188.0
854482394044301312,130.0,Chihuahua,7608.0,31131.0
854365224396361728,130.0,Pembroke,5159.0,20046.0
854120357044912130,140.0,black-and-tan_coonhound,8285.0,33911.0
854010172552949760,110.0,English_springer,3433.0,17169.0
853760880890318849,120.0,miniature_pinscher,6403.0,30414.0
853639147608842240,130.0,German_shepherd,11265.0,37198.0
852912242202992640,120.0,Great_Dane,2037.0,9658.0
852672615818899456,120.0,golden_retriever,2388.0,15939.0
852553447878664193,130.0,bloodhound,3885.0,17492.0
852189679701164033,120.0,Bernese_mountain_dog,1741.0,12217.0
851953902622658560,130.0,Staffordshire_bullterrier,10706.0,0.0
851591660324737024,110.0,Cardigan,3819.0,17300.0
851224888060895234,130.0,standard_poodle,6350.0,22090.0
850753642995093505,110.0,pug,10352.0,33348.0
850380195714523136,130.0,Yorkshire_terrier,2915.0,13994.0
850145622816686080,110.0,kelpie,4244.0,17519.0
850019790995546112,120.0,Shetland_sheepdog,5459.0,21944.0
849776966551130114,120.0,Chihuahua,8404.0,32390.0
849412302885593088,120.0,schipperke,3487.0,17039.0
848690551926992896,120.0,flat-coated_retriever,4826.0,27104.0
848324959059550208,120.0,malamute,4037.0,20229.0
848212111729840128,60.0,Bedlington_terrier,3444.0,17618.0
847842811428974592,120.0,Bernese_mountain_dog,1522.0,5935.0
847606175596138505,120.0,Cardigan,3774.0,20208.0
847251039262605312,120.0,Airedale,4800.0,22036.0
847157206088847362,110.0,Staffordshire_bullterrier,6572.0,21588.0
847116187444137987,110.0,American_Staffordshire_terrier,3583.0,23108.0
846874817362120707,130.0,Shetland_sheepdog,4404.0,21685.0
846514051647705089,130.0,golden_retriever,13076.0,48410.0
846153765933735936,130.0,giant_schnauzer,10226.0,34394.0
846042936437604353,120.0,golden_retriever,3224.0,17256.0
845812042753855489,130.0,Samoyed,9894.0,31737.0
845677943972139009,120.0,chow,5365.0,27154.0
845397057150107648,130.0,Dandie_Dinmont,2072.0,8241.0
845306882940190720,120.0,Irish_water_spaniel,6039.0,25225.0
844979544864018432,130.0,Shetland_sheepdog,2909.0,14738.0
844973813909606400,120.0,Labrador_retriever,3617.0,16361.0
844704788403113984,130.0,Labrador_retriever,11633.0,42022.0
844223788422217728,120.0,Labrador_retriever,2450.0,14753.0
843856843873095681,120.0,Labrador_retriever,5220.0,23211.0
843604394117681152,110.0,Labrador_retriever,3081.0,18310.0
843235543001513987,130.0,Pembroke,6852.0,23315.0
842892208864923648,130.0,Chihuahua,56625.0,0.0
842846295480000512,130.0,Labrador_retriever,4023.0,16440.0
842765311967449089,120.0,Labrador_retriever,1439.0,7321.0
842535590457499648,130.0,Pembroke,3937.0,19637.0
842163532590374912,120.0,French_bulldog,6568.0,26569.0
842115215311396866,120.0,chow,3386.0,15204.0
841833993020538882,130.0,Samoyed,17504.0,0.0
841680585030541313,120.0,Chihuahua,8748.0,27854.0
841439858740625411,140.0,Labrador_retriever,4168.0,13755.0
841314665196081154,130.0,Afghan_hound,5312.0,17305.0
841077006473256960,120.0,Brittany_spaniel,5991.0,24926.0
840632337062862849,120.0,golden_retriever,1972.0,9761.0
840268004936019968,120.0,Chesapeake_Bay_retriever,6497.0,20950.0
839990271299457024,130.0,Staffordshire_bullterrier,2597.0,14640.0
839549326359670784,120.0,Norwich_terrier,8805.0,29957.0
839239871831150596,130.0,Leonberg,7422.0,29684.0
838921590096166913,130.0,Border_terrier,2357.0,12183.0
838561493054533637,130.0,kelpie,1504.0,11892.0
838476387338051585,130.0,Great_Pyrenees,5484.0,24664.0
838083903487373313,130.0,chow,3582.0,19183.0
837820167694528512,120.0,golden_retriever,8952.0,37277.0
837471256429613056,120.0,Norwegian_elkhound,2631.0,13967.0
837366284874571778,130.0,American_Staffordshire_terrier,6005.0,23074.0
837110210464448512,130.0,Siberian_husky,2731.0,17480.0
836989968035819520,120.0,toy_poodle,2610.0,13879.0
836753516572119041,120.0,schipperke,5237.0,21029.0
836260088725786625,130.0,borzoi,4850.0,23177.0
836001077879255040,130.0,Samoyed,4935.0,20924.0
835574547218894849,110.0,Staffordshire_bullterrier,4121.0,19447.0
835297930240217089,120.0,Rottweiler,3381.0,17847.0
835264098648616962,120.0,Chesapeake_Bay_retriever,1939.0,8503.0
835172783151792128,120.0,Border_collie,6516.0,28552.0
835152434251116546,0.0,American_Staffordshire_terrier,3443.0,24574.0
834931633769889797,120.0,soft-coated_wheaten_terrier,1878.0,11838.0
834786237630337024,130.0,Border_terrier,6159.0,22943.0
834574053763584002,130.0,golden_retriever,2882.0,14993.0
834458053273591808,120.0,Rhodesian_ridgeback,1899.0,10512.0
834209720923721728,120.0,golden_retriever,5476.0,22594.0
834086379323871233,120.0,Labrador_retriever,2512.0,14296.0
833863086058651648,120.0,kuvasz,2729.0,14661.0
833826103416520705,130.0,Chihuahua,3904.0,16728.0
833722901757046785,130.0,West_Highland_white_terrier,3636.0,22585.0
833479644947025920,130.0,golden_retriever,2357.0,16258.0
833124694597443584,120.0,Cardigan,5513.0,22133.0
832998151111966721,130.0,boxer,2522.0,14549.0
832757312314028032,130.0,Cardigan,4127.0,18423.0
832636094638288896,120.0,Eskimo_dog,3220.0,17379.0
832397543355072512,120.0,Pekinese,2548.0,13126.0
832369877331693569,110.0,kelpie,3652.0,18792.0
832273440279240704,140.0,Pembroke,2673.0,12385.0
832215726631055365,130.0,Afghan_hound,10723.0,0.0
832040443403784192,120.0,miniature_pinscher,11131.0,0.0
832032802820481025,120.0,whippet,4746.0,13887.0
831939777352105988,120.0,Pomeranian,7031.0,26404.0
831911600680497154,140.0,bloodhound,7458.0,30380.0
831670449226514432,130.0,Pembroke,2059.0,11469.0
831650051525054464,130.0,Eskimo_dog,2243.0,7908.0
831552930092285952,130.0,Chihuahua,2632.0,9872.0
831322785565769729,120.0,Old_English_sheepdog,1744.0,10042.0
831315979191906304,130.0,briard,1264.0,7117.0
831309418084069378,120.0,Doberman,2786.0,12819.0
831262627380748289,120.0,cocker_spaniel,2350.0,13066.0
830956169170665475,120.0,kuvasz,1735.0,8735.0
830583320585068544,130.0,Labrador_retriever,19297.0,73397.0
830097400375152640,130.0,toy_poodle,3455.0,10804.0
829878982036299777,120.0,golden_retriever,5757.0,0.0
829861396166877184,120.0,Border_terrier,2243.0,13441.0
829501995190984704,120.0,French_bulldog,12224.0,34913.0
829449946868879360,110.0,Labrador_retriever,2329.0,11519.0
829374341691346946,130.0,Staffordshire_bullterrier,10706.0,38074.0
829141528400556032,120.0,golden_retriever,8530.0,26952.0
829011960981237760,130.0,boxer,18627.0,58302.0
828770345708580865,130.0,Chesapeake_Bay_retriever,6746.0,28085.0
828708714936930305,100.0,Mexican_hairless,12882.0,40241.0
828650029636317184,140.0,golden_retriever,1544.0,10467.0
828409743546925057,120.0,toy_poodle,1305.0,6898.0
828408677031882754,120.0,Weimaraner,1477.0,8398.0
828381636999917570,140.0,Bedlington_terrier,2554.0,13864.0
828376505180889089,130.0,American_Staffordshire_terrier,1216.0,8112.0
828372645993398273,120.0,malamute,3344.0,13756.0
828011680017821696,110.0,American_Staffordshire_terrier,2451.0,11411.0
827933404142436356,120.0,German_shepherd,5987.0,22180.0
827653905312006145,120.0,collie,3433.0,16983.0
827600520311402496,130.0,Pembroke,1082.0,8143.0
827324948884643840,120.0,golden_retriever,3510.0,17523.0
827199976799354881,130.0,Great_Dane,2579.0,11659.0
826958653328592898,120.0,golden_retriever,5757.0,23767.0
826848821049180160,130.0,Great_Pyrenees,11878.0,40325.0
826598365270007810,130.0,French_bulldog,2709.0,11117.0
826476773533745153,120.0,German_shepherd,4821.0,20275.0
826240494070030336,110.0,French_bulldog,2965.0,14614.0
826204788643753985,130.0,Labrador_retriever,1075.0,5361.0
826115272272650244,130.0,golden_retriever,3599.0,17299.0
825829644528148480,120.0,Great_Pyrenees,2848.0,14025.0
825535076884762624,140.0,Rottweiler,19669.0,56413.0
825147591692263424,130.0,Pekinese,5244.0,20181.0
825026590719483904,120.0,Eskimo_dog,1483.0,7020.0
824775126675836928,120.0,Border_terrier,4069.0,16508.0
824663926340194305,130.0,English_setter,1993.0,11113.0
824325613288833024,130.0,Pembroke,11848.0,12999.0
823939628516474880,120.0,schipperke,3123.0,11755.0
823699002998870016,120.0,cairn,2772.0,13826.0
823581115634085888,110.0,German_shepherd,3031.0,14376.0
823322678127919110,110.0,Chihuahua,4637.0,17437.0
823269594223824897,110.0,Samoyed,11421.0,0.0
822975315408461824,120.0,Pembroke,3958.0,19139.0
822872901745569793,130.0,Lakeland_terrier,48265.0,132810.0
822859134160621569,120.0,malinois,2622.0,14576.0
822647212903690241,130.0,Samoyed,7390.0,0.0
822610361945911296,120.0,cocker_spaniel,3423.0,16327.0
822489057087389700,130.0,Samoyed,7390.0,20083.0
822462944365645825,140.0,Pomeranian,17209.0,31800.0
822244816520155136,110.0,Samoyed,11421.0,38832.0
821886076407029760,130.0,golden_retriever,2692.0,12582.0
821813639212650496,120.0,Saint_Bernard,3839.0,0.0
821765923262631936,130.0,golden_retriever,1899.0,9317.0
821522889702862852,130.0,Doberman,2030.0,8871.0
821407182352777218,140.0,Irish_setter,5053.0,13075.0
821149554670182400,120.0,German_shepherd,2320.0,9718.0
821107785811234820,110.0,Pomeranian,2487.0,10645.0
821044531881721856,120.0,Old_English_sheepdog,2636.0,14021.0
820749716845686786,130.0,golden_retriever,11525.0,34984.0
820690176645140481,120.0,West_Highland_white_terrier,3716.0,13518.0
820446719150292993,130.0,golden_retriever,2980.0,0.0
820314633777061888,140.0,Gordon_setter,648.0,3706.0
819952236453363712,130.0,American_Staffordshire_terrier,1369.0,5927.0
819711362133872643,110.0,toy_poodle,3604.0,14916.0
819588359383371776,130.0,Cardigan,2271.0,10606.0
819347104292290561,120.0,Rottweiler,1383.0,8008.0
819227688460238848,120.0,Border_terrier,7733.0,25652.0
819015337530290176,140.0,standard_poodle,42228.0,0.0
819004803107983360,140.0,standard_poodle,42228.0,95450.0
818627210458333184,130.0,Labrador_retriever,8564.0,24597.0
818614493328580609,120.0,Chihuahua,2982.0,10971.0
818588835076603904,110.0,Norwegian_elkhound,7126.0,0.0
818536468981415936,110.0,Welsh_springer_spaniel,2873.0,12127.0
818259473185828864,120.0,miniature_schnauzer,2621.0,12197.0
818145370475810820,110.0,golden_retriever,3014.0,13671.0
817827839487737858,130.0,cocker_spaniel,31314.0,57622.0
817777686764523521,130.0,curly-coated_retriever,3084.0,11901.0
817536400337801217,120.0,pug,3505.0,13105.0
817423860136083457,130.0,Samoyed,17504.0,38260.0
817415592588222464,110.0,Doberman,1131.0,6267.0
817181837579653120,130.0,Tibetan_mastiff,9907.0,0.0
817171292965273600,130.0,golden_retriever,2326.0,9690.0
817120970343411712,130.0,Saluki,3011.0,13367.0
817056546584727552,110.0,kelpie,1927.0,9517.0
816829038950027264,120.0,golden_retriever,5496.0,0.0
816816676327063552,120.0,malamute,2361.0,11071.0
816697700272001025,120.0,Chihuahua,2545.0,10905.0
816336735214911488,110.0,Labrador_retriever,2269.0,9564.0
816091915477250048,120.0,Pomeranian,2500.0,9927.0
816014286006976512,110.0,English_setter,6154.0,0.0
815990720817401858,110.0,Chihuahua,1207.0,5545.0
815966073409433600,130.0,Tibetan_mastiff,9907.0,25057.0
815736392542261248,110.0,Border_collie,2625.0,10937.0
815639385530101762,120.0,German_shepherd,1918.0,9161.0
814986499976527872,110.0,dalmatian,1505.0,8485.0
814638523311648768,120.0,golden_retriever,3130.0,12511.0
814530161257443328,120.0,miniature_poodle,2156.0,9629.0
814153002265309185,120.0,golden_retriever,10080.0,32000.0
813944609378369540,110.0,Labrador_retriever,3732.0,0.0
813910438903693312,110.0,Siberian_husky,2194.0,10342.0
813812741911748608,140.0,French_bulldog,16267.0,40402.0
813800681631023104,120.0,malamute,2060.0,9300.0
813217897535406080,130.0,Samoyed,8476.0,20783.0
813202720496779264,110.0,cocker_spaniel,2090.0,10192.0
813187593374461952,130.0,golden_retriever,5096.0,22085.0
813172488309972993,120.0,golden_retriever,2236.0,10384.0
813157409116065792,120.0,Pembroke,2557.0,8588.0
813142292504645637,130.0,beagle,2728.0,9361.0
813127251579564032,110.0,Norwegian_elkhound,3652.0,13242.0
813112105746448384,120.0,Pembroke,3225.0,11515.0
813096984823349248,110.0,Great_Dane,4207.0,11694.0
813081950185472002,110.0,Doberman,3220.0,10989.0
813066809284972545,120.0,toy_terrier,2276.0,8865.0
813051746834595840,130.0,golden_retriever,8503.0,23337.0
812781120811126785,100.0,bull_mastiff,2191.0,8380.0
812709060537683968,120.0,Irish_setter,1665.0,7373.0
812466873996607488,120.0,Great_Dane,2231.0,8900.0
812372279581671427,130.0,golden_retriever,4252.0,15224.0
811985624773361665,110.0,Staffordshire_bullterrier,1647.0,8102.0
811744202451197953,130.0,Pekinese,1884.0,8429.0
811627233043480576,100.0,beagle,3650.0,14265.0
811386762094317568,110.0,Pembroke,7444.0,23302.0
810984652412424192,342.85714285714283,golden_retriever,1655.0,5927.0
810896069567610880,110.0,flat-coated_retriever,2090.0,10093.0
810657578271330305,110.0,malamute,3057.0,12192.0
810284430598270976,130.0,malamute,13369.0,39640.0
810254108431155201,120.0,Staffordshire_bullterrier,3901.0,16380.0
809920764300447744,100.0,Norwich_terrier,4521.0,17250.0
809808892968534016,120.0,Labrador_retriever,5711.0,0.0
809448704142938112,120.0,Greater_Swiss_Mountain_dog,1696.0,7727.0
809220051211603969,120.0,Pomeranian,6554.0,22246.0
809084759137812480,110.0,vizsla,4046.0,14685.0
808838249661788160,130.0,Rottweiler,3536.0,11271.0
808733504066486276,120.0,toy_poodle,2509.0,8784.0
808501579447930884,120.0,Airedale,3007.0,12595.0
808134635716833280,130.0,cocker_spaniel,6961.0,0.0
808106460588765185,120.0,golden_retriever,2525.0,9701.0
808001312164028416,120.0,Labrador_retriever,4098.0,14015.0
807621403335917568,140.0,golden_retriever,4288.0,16236.0
807106840509214720,130.0,Chihuahua,56625.0,107015.0
807059379405148160,120.0,golden_retriever,8521.0,0.0
807010152071229440,120.0,golden_retriever,4418.0,14514.0
806629075125202948,130.0,cocker_spaniel,37911.0,75639.0
806542213899489280,110.0,vizsla,2752.0,11363.0
806242860592926720,120.0,Cardigan,13616.0,0.0
806219024703037440,110.0,chow,1388.0,7145.0
805958939288408065,100.0,Irish_setter,6238.0,0.0
805932879469572096,120.0,Norwegian_elkhound,2209.0,9178.0
805826884734976000,120.0,Siberian_husky,2132.0,7335.0
805520635690676224,130.0,malinois,1905.0,6368.0
805207613751304193,120.0,Pembroke,1972.0,8680.0
804738756058218496,120.0,Tibetan_mastiff,4480.0,15326.0
804413760345620481,130.0,chow,3712.0,0.0
803773340896923648,120.0,miniature_pinscher,3220.0,11203.0
803692223237865472,130.0,Lakeland_terrier,8689.0,0.0
803638050916102144,130.0,Labrador_retriever,4828.0,12270.0
803276597545603072,110.0,Pembroke,2887.0,11207.0
802952499103731712,120.0,chow,2336.0,10085.0
802624713319034886,120.0,cocker_spaniel,3403.0,0.0
802572683846291456,120.0,golden_retriever,2926.0,9959.0
802265048156610565,110.0,Labrador_retriever,1573.0,7039.0
802247111496568832,130.0,Chihuahua,5247.0,0.0
802239329049477120,120.0,Eskimo_dog,3040.0,10132.0
801958328846974976,120.0,Staffordshire_bullterrier,1992.0,8608.0
801538201127157760,120.0,Pembroke,2391.0,9141.0
801167903437357056,130.0,cocker_spaniel,6961.0,27386.0
801115127852503040,120.0,dalmatian,2429.0,8992.0
800751577355128832,120.0,cocker_spaniel,3214.0,11701.0
800513324630806528,110.0,Pembroke,3495.0,14685.0
800388270626521089,120.0,golden_retriever,3265.0,12456.0
800141422401830912,130.0,golden_retriever,2980.0,17092.0
799774291445383169,130.0,chow,5488.0,0.0
799757965289017345,130.0,Border_collie,2506.0,9390.0
799422933579902976,120.0,miniature_pinscher,2213.0,8965.0
799297110730567681,110.0,malamute,3227.0,11065.0
799063482566066176,110.0,Norfolk_terrier,2863.0,9058.0
798933969379225600,120.0,Siberian_husky,5203.0,14712.0
798925684722855936,110.0,West_Highland_white_terrier,1663.0,8246.0
798697898615730177,100.0,Labrador_retriever,7602.0,0.0
798694562394996736,120.0,Chihuahua,5812.0,0.0
798665375516884993,100.0,chow,4519.0,0.0
798644042770751489,100.0,English_springer,2153.0,0.0
798628517273620480,120.0,beagle,2272.0,0.0
798340744599797760,110.0,papillon,3924.0,0.0
798209839306514432,130.0,Pekinese,2954.0,11548.0
797971864723324932,120.0,American_Staffordshire_terrier,3652.0,13018.0
797545162159308800,120.0,Pembroke,5656.0,16198.0
797236660651966464,120.0,collie,7726.0,22328.0
796865951799083009,120.0,Cardigan,2198.0,8564.0
796759840936919040,110.0,American_Staffordshire_terrier,3562.0,13256.0
796484825502875648,120.0,cocker_spaniel,2042.0,8472.0
796387464403357696,120.0,Pekinese,4861.0,12334.0
796177847564038144,110.0,golden_retriever,16628.0,0.0
796149749086875649,110.0,golden_retriever,16628.0,36177.0
796116448414461957,110.0,Cardigan,2813.0,10139.0
796080075804475393,120.0,chow,2703.0,9469.0
796031486298386433,130.0,golden_retriever,4284.0,12071.0
795464331001561088,130.0,golden_retriever,27728.0,55683.0
795400264262053889,120.0,golden_retriever,3323.0,11270.0
794983741416415232,120.0,schipperke,3942.0,0.0
794926597468000259,120.0,toy_poodle,2697.0,11492.0
794355576146903043,120.0,cocker_spaniel,12014.0,0.0
794332329137291264,120.0,Samoyed,3088.0,10686.0
793962221541933056,120.0,Labrador_retriever,5711.0,18910.0
793845145112371200,130.0,Old_English_sheepdog,2187.0,10295.0
793614319594401792,130.0,golden_retriever,3661.0,0.0
793601777308463104,120.0,miniature_pinscher,1908.0,8926.0
793500921481273345,120.0,golden_retriever,2786.0,11953.0
793286476301799424,130.0,Afghan_hound,10723.0,27597.0
793271401113350145,120.0,Siberian_husky,2763.0,9677.0
793256262322548741,120.0,basset,9714.0,22350.0
793241302385262592,130.0,golden_retriever,3812.0,11780.0
793226087023144960,110.0,wire-haired_fox_terrier,3338.0,11001.0
793210959003287553,100.0,French_bulldog,3301.0,9997.0
793195938047070209,120.0,Labrador_retriever,6547.0,17063.0
793180763617361921,110.0,Lakeland_terrier,2310.0,7740.0
793165685325201412,120.0,golden_retriever,3238.0,10478.0
793150605191548928,110.0,Italian_greyhound,1984.0,6909.0
793120401413079041,110.0,Labrador_retriever,4551.0,14202.0
792883833364439040,120.0,standard_poodle,4964.0,12666.0
792773781206999040,120.0,Yorkshire_terrier,1963.0,8209.0
792394556390137856,120.0,cocker_spaniel,4998.0,15128.0
792050063153438720,110.0,komondor,2088.0,8029.0
791672322847637504,130.0,golden_retriever,3661.0,13129.0
791406955684368384,120.0,Pembroke,4797.0,14670.0
791312159183634433,120.0,miniature_pinscher,2963.0,9841.0
791026214425268224,110.0,malamute,4858.0,0.0
790987426131050500,120.0,cocker_spaniel,2483.0,11089.0
790946055508652032,120.0,golden_retriever,5496.0,18601.0
790723298204217344,120.0,golden_retriever,2704.0,0.0
790698755171364864,120.0,Bernese_mountain_dog,2203.0,9158.0
790581949425475584,110.0,malinois,8183.0,22473.0
790337589677002753,120.0,Pembroke,2167.0,8740.0
790277117346975746,110.0,Labrador_retriever,3732.0,14081.0
789986466051088384,120.0,golden_retriever,2704.0,10369.0
789628658055020548,130.0,chow,2080.0,8448.0
789599242079838210,120.0,Chesapeake_Bay_retriever,2279.0,7620.0
789530877013393408,120.0,schipperke,3942.0,13188.0
789268448748703744,100.0,malamute,3014.0,10196.0
789137962068021249,120.0,Chihuahua,3244.0,10875.0
788908386943430656,110.0,golden_retriever,14409.0,30653.0
788765914992902144,120.0,cocker_spaniel,12014.0,30658.0
788412144018661376,110.0,golden_retriever,5990.0,16060.0
788178268662984705,130.0,Samoyed,2488.0,8100.0
788150585577050112,130.0,chow,1510.0,6865.0
788070120937619456,110.0,golden_retriever,3952.0,0.0
787810552592695296,110.0,pug,3540.0,9717.0
787717603741622272,130.0,German_shepherd,3240.0,11416.0
787397959788929025,110.0,Chihuahua,3300.0,12120.0
787322443945877504,100.0,golden_retriever,2032.0,8726.0
786963064373534720,120.0,golden_retriever,9327.0,29725.0
786709082849828864,750.0,Pomeranian,7069.0,20296.0
786664955043049472,120.0,Leonberg,2996.0,11957.0
786595970293370880,110.0,Pembroke,3601.0,10497.0
786363235746385920,130.0,golden_retriever,4072.0,12189.0
786233965241827333,110.0,Labrador_retriever,5571.0,17178.0
786036967502913536,110.0,golden_retriever,8237.0,0.0
785927819176054784,120.0,toy_poodle,3652.0,12696.0
785872687017132033,120.0,Great_Pyrenees,2130.0,7489.0
785533386513321988,110.0,miniature_pinscher,2334.0,10183.0
785264754247995392,120.0,chow,1911.0,8128.0
785170936622350336,110.0,Eskimo_dog,5639.0,13491.0
784826020293709826,130.0,chow,3712.0,11310.0
784517518371221505,110.0,malamute,2970.0,10039.0
784431430411685888,120.0,miniature_poodle,1491.0,6329.0
783821107061198850,120.0,Lakeland_terrier,2269.0,8209.0
783695101801398276,120.0,chow,3737.0,11650.0
783466772167098368,110.0,Chihuahua,2608.0,9468.0
783391753726550016,130.0,Norwegian_elkhound,6441.0,18908.0
783347506784731136,110.0,Cardigan,6533.0,0.0
783334639985389568,120.0,Cardigan,13616.0,32651.0
783085703974514689,110.0,Chesapeake_Bay_retriever,2565.0,9112.0
782969140009107456,120.0,golden_retriever,8521.0,26949.0
782747134529531904,110.0,golden_retriever,1604.0,8310.0
782722598790725632,100.0,Irish_setter,6238.0,19250.0
782598640137187329,110.0,malamute,2184.0,8694.0
782305867769217024,120.0,briard,6470.0,18630.0
782021823840026624,120.0,golden_retriever,7236.0,0.0
781661882474196992,50.0,Pembroke,3129.0,11634.0
781524693396357120,120.0,Chesapeake_Bay_retriever,6426.0,23163.0
781251288990355457,110.0,Mexican_hairless,2458.0,9428.0
781163403222056960,100.0,Shetland_sheepdog,3168.0,10895.0
780858289093574656,100.0,Chesapeake_Bay_retriever,2328.0,8033.0
780800785462489090,110.0,Siberian_husky,1505.0,6141.0
780601303617732608,120.0,Saint_Bernard,3839.0,13525.0
780543529827336192,120.0,golden_retriever,2032.0,7040.0
780496263422808064,120.0,pug,4319.0,0.0
780476555013349377,120.0,pug,136.0,0.0
780459368902959104,110.0,Great_Dane,1224.0,5892.0
780192070812196864,110.0,vizsla,2589.0,9712.0
779834332596887552,110.0,golden_retriever,8237.0,21252.0
779123168116150273,120.0,toy_poodle,4207.0,13206.0
779056095788752897,130.0,Chihuahua,5247.0,16500.0
778990705243029504,110.0,cocker_spaniel,8437.0,22342.0
778748913645780993,110.0,Staffordshire_bullterrier,1562.0,7717.0
778650543019483137,100.0,German_shepherd,1729.0,6430.0
778624900596654080,110.0,Airedale,1176.0,5177.0
778408200802557953,140.0,Pembroke,5023.0,15135.0
778383385161035776,130.0,collie,1271.0,6515.0
778286810187399168,110.0,Boston_bull,3836.0,11576.0
778039087836069888,120.0,German_shepherd,3065.0,9417.0
778027034220126208,270.0,clumber,1885.0,7320.0
777885040357281792,30.0,Afghan_hound,1893.0,7078.0
777684233540206592,120.0,cocker_spaniel,3403.0,12518.0
777641927919427584,120.0,golden_retriever,4947.0,0.0
777621514455814149,120.0,chow,2910.0,9742.0
777189768882946048,120.0,Chihuahua,4999.0,15921.0
776819012571455488,130.0,Chihuahua,15839.0,0.0
776813020089548800,120.0,toy_poodle,1405.0,5444.0
776477788987613185,110.0,Labrador_retriever,3249.0,9858.0
776218204058357768,130.0,Samoyed,18497.0,33345.0
776201521193218049,100.0,Rottweiler,2919.0,10681.0
776088319444877312,100.0,pug,179.0,2045.0
775898661951791106,120.0,golden_retriever,17621.0,0.0
775842724423557120,120.0,chow,3116.0,13022.0
775364825476165632,110.0,beagle,3472.0,8295.0
775085132600442880,130.0,chow,5488.0,17281.0
774757898236878852,120.0,toy_poodle,2035.0,9462.0
774639387460112384,100.0,Walker_hound,2013.0,7508.0
774314403806253056,140.0,Eskimo_dog,6478.0,24167.0
773985732834758656,110.0,pug,4492.0,11925.0
773922284943896577,120.0,Pomeranian,1999.0,7110.0
773704687002451968,120.0,silky_terrier,1891.0,7317.0
773670353721753600,100.0,Old_English_sheepdog,1501.0,5935.0
773547596996571136,110.0,Norwegian_elkhound,7126.0,24553.0
773308824254029826,120.0,Labrador_retriever,8640.0,25846.0
773247561583001600,100.0,miniature_pinscher,3699.0,10414.0
773191612633579521,120.0,Blenheim_spaniel,4736.0,11117.0
772877495989305348,110.0,Norwegian_elkhound,4501.0,9555.0
772826264096874500,110.0,basset,2669.0,8842.0
772615324260794368,100.0,dalmatian,3914.0,0.0
772581559778025472,100.0,Newfoundland,1968.0,7192.0
772193107915964416,120.0,Pembroke,1612.0,6665.0
772152991789019136,100.0,golden_retriever,1300.0,4181.0
772117678702071809,120.0,Labrador_retriever,848.0,4165.0
772114945936949249,100.0,Chihuahua,546.0,3005.0
772102971039580160,110.0,Pembroke,1065.0,4448.0
771770456517009408,110.0,papillon,3924.0,13356.0
771500966810099713,120.0,Labrador_retriever,3018.0,9167.0
771380798096281600,110.0,collie,5912.0,11746.0
771171053431250945,110.0,Samoyed,8705.0,0.0
771136648247640064,110.0,golden_retriever,3357.0,10223.0
771102124360998913,120.0,Labrador_retriever,1663.0,6898.0
770787852854652928,100.0,Bernese_mountain_dog,1415.0,5498.0
770772759874076672,110.0,chow,1626.0,5749.0
770414278348247044,110.0,golden_retriever,2390.0,6987.0
770293558247038976,100.0,Italian_greyhound,1718.0,6923.0
770093767776997377,120.0,golden_retriever,3520.0,0.0
770069151037685760,100.0,Boston_bull,2651.0,8385.0
769940425801170949,120.0,miniature_pinscher,11131.0,34948.0
769695466921623552,130.0,pug,1926.0,7101.0
769212283578875904,120.0,golden_retriever,1969.0,5980.0
768970937022709760,120.0,Pomeranian,7574.0,16017.0
768855141948723200,110.0,chow,1034.0,4660.0
768609597686943744,100.0,basenji,1382.0,4580.0
768596291618299904,120.0,Great_Pyrenees,1473.0,5592.0
768473857036525572,110.0,Labrador_retriever,3958.0,15110.0
767754930266464257,110.0,vizsla,6221.0,17814.0
767500508068192258,120.0,chow,2688.0,8295.0
767122157629476866,130.0,toy_poodle,3261.0,11227.0
766793450729734144,100.0,beagle,1565.0,5650.0
766693177336135680,110.0,Doberman,918.0,4484.0
766423258543644672,90.0,keeshond,1825.0,6671.0
766313316352462849,120.0,toy_poodle,2166.0,7493.0
766078092750233600,120.0,toy_poodle,2970.0,0.0
766069199026450432,120.0,redbone,1003.0,4765.0
766008592277377025,110.0,Welsh_springer_spaniel,571.0,4149.0
765719909049503744,120.0,golden_retriever,2475.0,8021.0
765669560888528897,120.0,beagle,1407.0,5760.0
765395769549590528,130.0,Pembroke,3127.0,20539.0
765371061932261376,110.0,golden_retriever,2475.0,7842.0
765222098633691136,100.0,dalmatian,3914.0,12902.0
764857477905154048,120.0,Bernese_mountain_dog,2029.0,7099.0
764259802650378240,100.0,German_shepherd,1745.0,6718.0
763837565564780549,110.0,malamute,4858.0,14041.0
763183847194451968,80.0,miniature_poodle,1702.0,6004.0
763103485927849985,100.0,chow,2602.0,8163.0
762699858130116608,110.0,kelpie,4190.0,13518.0
762471784394268675,120.0,Samoyed,7612.0,12571.0
762464539388485633,120.0,chow,4839.0,11503.0
761976711479193600,120.0,Labrador_retriever,2310.0,5992.0
761750502866649088,100.0,golden_retriever,4535.0,0.0
761599872357261312,110.0,Gordon_setter,1336.0,4578.0
761334018830917632,100.0,Norwegian_elkhound,1669.0,5792.0
761292947749015552,110.0,standard_poodle,1265.0,4957.0
761227390836215808,100.0,French_bulldog,1775.0,5908.0
761004547850530816,110.0,golden_retriever,3952.0,12482.0
760893934457552897,110.0,Blenheim_spaniel,1104.0,4228.0
760656994973933572,110.0,golden_retriever,2210.0,7343.0
760539183865880579,120.0,Samoyed,4168.0,8399.0
760290219849637889,130.0,Old_English_sheepdog,13140.0,29618.0
759923798737051648,100.0,Labrador_retriever,6521.0,16284.0
759846353224826880,110.0,Sussex_spaniel,2265.0,7433.0
759793422261743616,120.0,golden_retriever,2173.0,6620.0
759566828574212096,100.0,Labrador_retriever,24319.0,0.0
759557299618865152,100.0,golden_retriever,1341.0,5202.0
759447681597108224,110.0,kuvasz,2827.0,9418.0
759197388317847553,120.0,kuvasz,2221.0,6725.0
759159934323924993,110.0,Irish_terrier,1359.0,0.0
759099523532779520,70.0,Shetland_sheepdog,4813.0,16101.0
759047813560868866,110.0,Labrador_retriever,2302.0,7227.0
758854675097526272,110.0,Old_English_sheepdog,1027.0,3904.0
758828659922702336,130.0,Chesapeake_Bay_retriever,4376.0,12376.0
758740312047005698,120.0,Chesapeake_Bay_retriever,1824.0,6339.0
758474966123810816,110.0,Pembroke,1132.0,4227.0
758467244762497024,110.0,Labrador_retriever,2539.0,5316.0
758405701903519748,100.0,Chesapeake_Bay_retriever,2204.0,5756.0
758355060040593408,110.0,Pembroke,1245.0,3797.0
758041019896193024,90.0,Cardigan,433.0,3001.0
757741869644341248,100.0,Old_English_sheepdog,3710.0,7613.0
757729163776290825,110.0,schipperke,9299.0,0.0
757725642876129280,110.0,Labrador_retriever,1391.0,5022.0
757611664640446465,120.0,bluetick,1272.0,5026.0
757400162377592832,130.0,golden_retriever,7759.0,16743.0
757393109802180609,100.0,Labrador_retriever,2009.0,6462.0
757354760399941633,80.0,Italian_greyhound,1637.0,4995.0
756998049151549440,110.0,golden_retriever,2271.0,6923.0
756939218950160384,120.0,golden_retriever,2295.0,7342.0
756651752796094464,110.0,Pembroke,1511.0,5612.0
756303284449767430,110.0,golden_retriever,1231.0,4359.0
756288534030475264,120.0,French_bulldog,15071.0,28519.0
756275833623502848,100.0,Airedale,1738.0,7114.0
755955933503782912,120.0,Pekinese,3285.0,8092.0
755110668769038337,130.0,Labrador_retriever,12621.0,23446.0
754874841593970688,110.0,pug,9193.0,0.0
754856583969079297,110.0,golden_retriever,2870.0,7616.0
754449512966619136,110.0,beagle,846.0,4147.0
754120377874386944,100.0,chow,2670.0,8655.0
754011816964026368,120.0,French_bulldog,4079.0,9726.0
753655901052166144,100.0,miniature_pinscher,2492.0,6458.0
753398408988139520,120.0,whippet,2186.0,6384.0
753375668877008896,80.0,bluetick,2655.0,8411.0
753294487569522689,110.0,chow,1191.0,3758.0
753026973505581056,100.0,Pembroke,1109.0,4283.0
752917284578922496,110.0,German_shepherd,1790.0,7592.0
752682090207055872,100.0,German_shepherd,1846.0,6642.0
752660715232722944,100.0,English_setter,1794.0,4878.0
752519690950500352,110.0,Labrador_retriever,3917.0,8157.0
752334515931054080,80.0,Bedlington_terrier,1263.0,4238.0
752309394570878976,130.0,golden_retriever,18963.0,0.0
752173152931807232,120.0,Labrador_retriever,2106.0,6569.0
751937170840121344,110.0,Lakeland_terrier,1530.0,5770.0
751830394383790080,120.0,chow,2227.0,6428.0
751598357617971201,130.0,toy_poodle,3440.0,8699.0
751583847268179968,50.0,dalmatian,1265.0,4849.0
751538714308972544,100.0,Labrador_retriever,1445.0,5547.0
751456908746354688,120.0,golden_retriever,1127.0,3516.0
751251247299190784,100.0,Walker_hound,6695.0,13791.0
751205363882532864,120.0,Labrador_retriever,2086.0,6948.0
751132876104687617,100.0,Labrador_retriever,1480.0,5610.0
750868782890057730,110.0,toy_poodle,1595.0,5306.0
750719632563142656,120.0,Pembroke,5747.0,14621.0
750429297815552001,120.0,golden_retriever,4947.0,14569.0
750383411068534784,90.0,Border_collie,1309.0,5005.0
750147208377409536,130.0,pug,1095.0,3409.0
750132105863102464,110.0,toy_poodle,1440.0,3990.0
750117059602808832,100.0,Shih-Tzu,1466.0,4740.0
750101899009982464,110.0,golden_retriever,959.0,3344.0
750086836815486976,120.0,pug,613.0,2383.0
750071704093859840,100.0,redbone,3802.0,8653.0
750056684286914561,110.0,Saluki,1011.0,3444.0
750041628174217216,130.0,Labrador_retriever,703.0,3502.0
750026558547456000,100.0,standard_poodle,888.0,2986.0
750011400160841729,110.0,Boston_bull,1035.0,3568.0
749996283729883136,120.0,Old_English_sheepdog,919.0,3331.0
749774190421639168,120.0,Pekinese,1493.0,5114.0
749417653287129088,110.0,papillon,1904.0,6721.0
749403093750648834,100.0,Chesapeake_Bay_retriever,622.0,2892.0
749395845976588288,100.0,Pomeranian,3951.0,9488.0
749317047558017024,120.0,wire-haired_fox_terrier,2509.0,6076.0
749064354620928000,110.0,pug,1714.0,5277.0
749036806121881602,80.0,West_Highland_white_terrier,896.0,3425.0
748977405889503236,100.0,German_short-haired_pointer,3759.0,11235.0
748932637671223296,130.0,borzoi,2564.0,6461.0
748699167502000129,110.0,Pembroke,1814.0,5213.0
748575535303884801,60.0,soft-coated_wheaten_terrier,2272.0,6696.0
748568946752774144,120.0,Tibetan_terrier,776.0,2411.0
748346686624440324,100.0,borzoi,1413.0,5735.0
748324050481647620,110.0,Shetland_sheepdog,867.0,4078.0
747963614829678593,100.0,kelpie,2444.0,6397.0
747933425676525569,110.0,Samoyed,2894.0,7310.0
747885874273214464,80.0,kuvasz,1116.0,3243.0
747844099428986880,110.0,Pembroke,851.0,3084.0
747816857231626240,40.0,Pembroke,1316.0,5346.0
747600769478692864,100.0,Chesapeake_Bay_retriever,619.0,2545.0
747594051852075008,110.0,basenji,1205.0,4065.0
747512671126323200,100.0,Cardigan,1803.0,6110.0
747219827526344708,110.0,Shetland_sheepdog,1791.0,5792.0
747103485104099331,110.0,Labrador_retriever,4548.0,10534.0
746872823977771008,110.0,Pembroke,2429.0,6593.0
746818907684614144,130.0,Ibizan_hound,1944.0,5807.0
746790600704425984,100.0,Boston_bull,1806.0,5345.0
746726898085036033,120.0,golden_retriever,2037.0,6648.0
746507379341139972,100.0,toy_poodle,1226.0,5094.0
746369468511756288,90.0,German_shepherd,1854.0,6637.0
746131877086527488,100.0,chow,2511.0,7565.0
746056683365994496,110.0,Shetland_sheepdog,931.0,3904.0
745789745784041472,100.0,Pekinese,1207.0,4437.0
745712589599014916,70.0,chow,2636.0,7652.0
745433870967832576,100.0,basset,2894.0,7824.0
745422732645535745,90.0,Labrador_retriever,2768.0,9412.0
745057283344719872,120.0,Shetland_sheepdog,2585.0,7945.0
744995568523612160,90.0,Old_English_sheepdog,716.0,3277.0
744971049620602880,120.0,toy_poodle,3042.0,8652.0
744709971296780288,100.0,Shetland_sheepdog,1771.0,6150.0
744334592493166593,110.0,Samoyed,2412.0,7443.0
744234799360020481,130.0,Labrador_retriever,79515.0,131075.0
743980027717509120,110.0,bull_mastiff,1231.0,4551.0
743895849529389061,100.0,dalmatian,1087.0,3999.0
743609206067040256,100.0,Weimaraner,1560.0,4917.0
743545585370791937,110.0,standard_poodle,1066.0,3863.0
743253157753532416,100.0,malamute,1366.0,4624.0
743222593470234624,120.0,kuvasz,2164.0,6792.0
743210557239623680,100.0,golden_retriever,1560.0,4215.0
742423170473463808,120.0,pug,4319.0,10812.0
742385895052087300,110.0,Cardigan,2266.0,7457.0
742150209887731712,80.0,French_bulldog,1783.0,5661.0
741793263812808706,100.0,kuvasz,1698.0,4982.0
741743634094141440,110.0,Labrador_retriever,3144.0,8945.0
741438259667034112,90.0,Chesapeake_Bay_retriever,937.0,4026.0
741303864243200000,120.0,Chihuahua,3650.0,9631.0
741067306818797568,120.0,golden_retriever,3520.0,10342.0
740995100998766593,100.0,malamute,3154.0,7018.0
740711788199743490,90.0,toy_poodle,1062.0,3736.0
740676976021798912,110.0,Norwegian_elkhound,7724.0,19881.0
740373189193256964,81.81818181818181,golden_retriever,9220.0,20648.0
740359016048689152,90.0,golden_retriever,967.0,3610.0
740214038584557568,100.0,Chesapeake_Bay_retriever,2220.0,7335.0
739979191639244800,120.0,Irish_water_spaniel,6719.0,21898.0
739932936087216128,100.0,redbone,1217.0,4443.0
739844404073074688,120.0,toy_poodle,966.0,4138.0
739606147276148736,90.0,Blenheim_spaniel,1876.0,5897.0
739544079319588864,100.0,Labrador_retriever,24319.0,43694.0
739485634323156992,60.0,Walker_hound,3309.0,7887.0
739238157791694849,130.0,Eskimo_dog,52360.0,75163.0
738885046782832640,110.0,American_Staffordshire_terrier,1283.0,4127.0
738883359779196928,100.0,Labrador_retriever,917.0,3661.0
738537504001953792,110.0,chow,1759.0,5575.0
738402415918125056,100.0,cocker_spaniel,955.0,3599.0
738184450748633089,90.0,Bedlington_terrier,1360.0,4727.0
738166403467907072,120.0,keeshond,3828.0,9635.0
738156290900254721,100.0,pug,748.0,2768.0
737826014890496000,100.0,vizsla,2006.0,5757.0
737800304142471168,100.0,malamute,3904.0,10943.0
737678689543020544,110.0,Pembroke,1509.0,5528.0
737445876994609152,130.0,Samoyed,5048.0,11302.0
736736130620620800,130.0,schipperke,1972.0,4736.0
736365877722001409,110.0,toy_poodle,1408.0,4367.0
736225175608430592,100.0,Labrador_retriever,3115.0,8901.0
736010884653420544,100.0,golden_retriever,3355.0,8652.0
735991953473572864,110.0,cocker_spaniel,1283.0,3934.0
735648611367784448,120.0,Pembroke,1237.0,4397.0
735635087207878657,110.0,pug,2659.0,6776.0
735256018284875776,80.0,Staffordshire_bullterrier,993.0,3675.0
735137028879360001,90.0,Walker_hound,1092.0,3428.0
734912297295085568,100.0,Maltese_dog,572.0,2993.0
734787690684657664,130.0,golden_retriever,7102.0,13745.0
734776360183431168,110.0,Siberian_husky,608.0,2742.0
733828123016450049,100.0,beagle,881.0,3926.0
733822306246479872,100.0,Lhasa,1141.0,4015.0
733482008106668032,100.0,French_bulldog,1065.0,3438.0
733460102733135873,110.0,chow,1451.0,4605.0
733109485275860992,120.0,golden_retriever,17621.0,44619.0
732732193018155009,120.0,Staffordshire_bullterrier,599.0,2671.0
732726085725589504,110.0,Pomeranian,1003.0,3855.0
732585889486888962,100.0,Staffordshire_bullterrier,868.0,4016.0
732375214819057664,110.0,basset,2838.0,8832.0
732005617171337216,110.0,English_setter,6154.0,16324.0
731285275100512256,120.0,Pembroke,1090.0,3798.0
730924654643314689,90.0,Newfoundland,2234.0,6682.0
730573383004487680,100.0,American_Staffordshire_terrier,2435.0,5407.0
730427201120833536,110.0,Eskimo_dog,1176.0,3809.0
730211855403241472,110.0,pug,1182.0,4180.0
729823566028484608,130.0,kelpie,1390.0,4358.0
729463711119904772,130.0,German_shepherd,2586.0,6340.0
728986383096946689,110.0,Maltese_dog,917.0,3460.0
728760639972315136,130.0,Pembroke,1911.0,5090.0
728751179681943552,100.0,Saint_Bernard,757.0,3032.0
728409960103686147,100.0,Saint_Bernard,2269.0,5383.0
728387165835677696,120.0,collie,1075.0,3999.0
728046963732717569,110.0,Newfoundland,1328.0,4722.0
728035342121635841,120.0,Pomeranian,1872.0,4953.0
728015554473250816,110.0,cocker_spaniel,1219.0,4479.0
727685679342333952,120.0,Border_collie,720.0,3206.0
727644517743104000,130.0,Great_Pyrenees,1962.0,6431.0
727524757080539137,100.0,Pomeranian,1379.0,4900.0
727314416056803329,110.0,toy_poodle,834.0,3623.0
727286334147182592,90.0,Chihuahua,920.0,3324.0
727175381690781696,100.0,flat-coated_retriever,1540.0,4209.0
726935089318363137,120.0,toy_poodle,2738.0,7496.0
726887082820554753,100.0,soft-coated_wheaten_terrier,1677.0,4195.0
726828223124897792,120.0,miniature_pinscher,1124.0,3882.0
726224900189511680,90.0,standard_poodle,1302.0,4811.0
725842289046749185,120.0,toy_poodle,2970.0,7691.0
725786712245440512,110.0,chow,1527.0,4537.0
725729321944506368,120.0,boxer,2009.0,5646.0
724983749226668032,120.0,golden_retriever,1462.0,4040.0
724771698126512129,110.0,German_short-haired_pointer,725.0,2593.0
724405726123311104,100.0,golden_retriever,1847.0,5800.0
724049859469295616,100.0,Border_collie,1984.0,4738.0
724046343203856385,100.0,boxer,620.0,2901.0
724004602748780546,110.0,pug,1790.0,4561.0
723912936180330496,120.0,Samoyed,1374.0,4236.0
723688335806480385,120.0,chow,3347.0,8435.0
723673163800948736,100.0,golden_retriever,1011.0,3291.0
723179728551723008,80.0,Norwegian_elkhound,2110.0,5761.0
722974582966214656,20.0,Great_Dane,1764.0,4493.0
722613351520608256,120.0,Labrador_retriever,1831.0,5393.0
721503162398597120,110.0,Pomeranian,2124.0,5086.0
721001180231503872,110.0,Samoyed,686.0,2748.0
720785406564900865,120.0,Chihuahua,866.0,3400.0
720775346191278080,100.0,Newfoundland,760.0,2702.0
720415127506415616,100.0,Rottweiler,1681.0,4503.0
720389942216527872,110.0,Pembroke,2840.0,6974.0
720059472081784833,90.0,Mexican_hairless,1268.0,4229.0
720043174954147842,110.0,Samoyed,2253.0,5332.0
719991154352222208,100.0,golden_retriever,1979.0,5281.0
719551379208073216,100.0,malamute,2192.0,5515.0
719367763014393856,110.0,soft-coated_wheaten_terrier,827.0,3022.0
719339463458033665,100.0,golden_retriever,1403.0,4822.0
719332531645071360,110.0,Dandie_Dinmont,1078.0,3711.0
718971898235854848,100.0,golden_retriever,1231.0,3818.0
718939241951195136,120.0,Pembroke,1973.0,5720.0
718631497683582976,100.0,Pomeranian,9126.0,20697.0
718613305783398402,110.0,Labrador_retriever,542.0,2669.0
718540630683709445,100.0,Maltese_dog,1137.0,2730.0
718460005985447936,90.0,Boston_bull,602.0,2846.0
718246886998687744,30.0,Chihuahua,565.0,2115.0
718234618122661888,110.0,malamute,1127.0,4217.0
717841801130979328,110.0,Brittany_spaniel,670.0,2660.0
717537687239008257,110.0,golden_retriever,2069.0,6281.0
717421804990701568,90.0,miniature_pinscher,945.0,3446.0
717047459982213120,120.0,golden_retriever,2135.0,6826.0
717009362452090881,100.0,Siberian_husky,1102.0,3583.0
716802964044845056,100.0,malinois,1317.0,4627.0
716791146589110272,110.0,Pomeranian,1474.0,5204.0
716439118184652801,100.0,Siberian_husky,247.0,2574.0
716285507865542656,120.0,Yorkshire_terrier,1225.0,3041.0
716080869887381504,110.0,golden_retriever,1935.0,5272.0
715928423106027520,110.0,pug,987.0,3485.0
715733265223708672,100.0,Dandie_Dinmont,1920.0,5093.0
715696743237730304,100.0,Staffordshire_bullterrier,1454.0,4257.0
715680795826982913,120.0,golden_retriever,1813.0,4719.0
715342466308784130,100.0,West_Highland_white_terrier,768.0,3294.0
715220193576927233,100.0,Chihuahua,736.0,2630.0
715200624753819648,120.0,Chihuahua,2110.0,5578.0
715009755312439296,120.0,Chihuahua,1392.0,4550.0
714982300363173890,90.0,Brittany_spaniel,1166.0,4094.0
714957620017307648,100.0,Great_Pyrenees,1595.0,4503.0
714606013974974464,120.0,Norfolk_terrier,1038.0,3938.0
714258258790387713,100.0,collie,808.0,3281.0
714251586676113411,80.0,soft-coated_wheaten_terrier,940.0,3570.0
714214115368108032,130.0,pug,990.0,2480.0
714141408463036416,100.0,Labrador_retriever,1569.0,4673.0
713919462244790272,120.0,Siberian_husky,869.0,3564.0
713900603437621249,110.0,golden_retriever,829.0,3062.0
713761197720473600,120.0,Brittany_spaniel,1541.0,5308.0
713411074226274305,110.0,Great_Pyrenees,1440.0,4802.0
713177543487135744,100.0,whippet,3183.0,7854.0
713175907180089344,100.0,malamute,1630.0,4851.0
712809025985978368,100.0,Labrador_retriever,7602.0,20378.0
712717840512598017,100.0,Great_Pyrenees,5616.0,13474.0
712668654853337088,100.0,Labrador_retriever,1367.0,4531.0
712438159032893441,110.0,Great_Pyrenees,1756.0,5799.0
712097430750289920,100.0,Labrador_retriever,1172.0,4144.0
712085617388212225,110.0,Shih-Tzu,556.0,3531.0
711998809858043904,120.0,kuvasz,138.0,0.0
711743778164514816,110.0,Lakeland_terrier,1101.0,3095.0
711732680602345472,100.0,Ibizan_hound,4653.0,9756.0
711363825979756544,110.0,Pembroke,1287.0,3996.0
711306686208872448,30.0,Dandie_Dinmont,819.0,3596.0
711008018775851008,110.0,French_bulldog,710.0,3275.0
710997087345876993,120.0,malamute,1561.0,4960.0
710844581445812225,100.0,Pembroke,779.0,2775.0
710833117892898816,120.0,Pembroke,606.0,2937.0
710658690886586372,100.0,soft-coated_wheaten_terrier,636.0,2529.0
710588934686908417,120.0,Pembroke,2107.0,4968.0
710283270106132480,110.0,Shih-Tzu,580.0,2308.0
710272297844797440,110.0,Old_English_sheepdog,1425.0,4945.0
710269109699739648,130.0,pug,1257.0,2613.0
710153181850935296,110.0,cocker_spaniel,1006.0,3153.0
710140971284037632,80.0,Pekinese,1008.0,3017.0
710117014656950272,110.0,toy_poodle,2233.0,5999.0
709918798883774466,120.0,Pembroke,1215.0,3250.0
709852847387627521,120.0,Chihuahua,1336.0,3824.0
709566166965075968,120.0,chow,1367.0,3865.0
709556954897764353,120.0,golden_retriever,1204.0,3593.0
709519240576036864,90.0,cocker_spaniel,277.0,1620.0
709449600415961088,100.0,Maltese_dog,665.0,2420.0
709409458133323776,80.0,Shetland_sheepdog,788.0,2855.0
709225125749587968,110.0,Labrador_retriever,647.0,2615.0
709207347839836162,110.0,Chihuahua,6567.0,13755.0
709198395643068416,90.0,borzoi,721.0,2634.0
709158332880297985,100.0,Siberian_husky,470.0,2236.0
709042156699303936,90.0,Rottweiler,1864.0,5197.0
708845821941387268,90.0,schipperke,1015.0,3226.0
708834316713893888,100.0,Eskimo_dog,571.0,1860.0
708810915978854401,100.0,golden_retriever,7848.0,18036.0
708738143638450176,110.0,Pomeranian,917.0,2997.0
708711088997666817,110.0,German_short-haired_pointer,834.0,2790.0
708479650088034305,130.0,Shih-Tzu,765.0,2768.0
708469915515297792,110.0,Chihuahua,926.0,3357.0
708356463048204288,100.0,pug,1520.0,3929.0
708349470027751425,110.0,basenji,831.0,2568.0
708149363256774660,100.0,Cardigan,1727.0,4672.0
708130923141795840,110.0,French_bulldog,943.0,3707.0
708119489313951744,90.0,Norwich_terrier,1102.0,2937.0
708109389455101952,100.0,Staffordshire_bullterrier,610.0,2124.0
708026248782585858,130.0,malinois,2166.0,4799.0
707969809498152960,110.0,toy_poodle,1097.0,2941.0
707776935007539200,110.0,miniature_pinscher,1079.0,3593.0
707741517457260545,100.0,whippet,696.0,2718.0
707610948723478529,120.0,golden_retriever,7236.0,18557.0
707420581654872064,40.0,kuvasz,789.0,2499.0
707411934438625280,110.0,Lakeland_terrier,673.0,2486.0
707387676719185920,100.0,Chihuahua,1490.0,3835.0
707377100785885184,90.0,golden_retriever,1214.0,3603.0
707315916783140866,100.0,Bernese_mountain_dog,727.0,2698.0
707297311098011648,100.0,Blenheim_spaniel,903.0,3022.0
707059547140169728,110.0,Samoyed,759.0,2796.0
707038192327901184,100.0,pug,900.0,2404.0
707021089608753152,120.0,cocker_spaniel,1540.0,4433.0
707014260413456384,110.0,Chihuahua,664.0,2502.0
706681918348251136,120.0,toy_poodle,1103.0,3627.0
706644897839910912,90.0,Chihuahua,1224.0,2814.0
706538006853918722,110.0,chow,1580.0,3778.0
706516534877929472,120.0,golden_retriever,1150.0,3404.0
706346369204748288,120.0,Tibetan_mastiff,1035.0,3768.0
706310011488698368,120.0,Pembroke,9034.0,23443.0
706291001778950144,110.0,Border_terrier,522.0,1861.0
706265994973601792,110.0,papillon,1030.0,2979.0
706166467411222528,70.0,Samoyed,1819.0,5636.0
705975130514706432,100.0,Staffordshire_bullterrier,842.0,3397.0
705970349788291072,120.0,golden_retriever,1008.0,3440.0
705898680587526145,100.0,collie,643.0,2597.0
705786532653883392,110.0,Labrador_retriever,596.0,2132.0
705591895322394625,110.0,basenji,1308.0,3475.0
705475953783398401,120.0,golden_retriever,1045.0,3231.0
705442520700944385,120.0,Great_Pyrenees,1859.0,4877.0
705428427625635840,110.0,Chihuahua,1931.0,4188.0
705239209544720384,110.0,Chihuahua,854.0,3290.0
705223444686888960,90.0,Chesapeake_Bay_retriever,900.0,2829.0
705102439679201280,100.0,collie,585.0,2342.0
705066031337840642,120.0,Airedale,683.0,2378.0
704871453724954624,120.0,Norfolk_terrier,1245.0,4585.0
704859558691414016,100.0,pug,612.0,2462.0
704847917308362754,120.0,golden_retriever,1727.0,5594.0
704761120771465216,130.0,Chihuahua,3257.0,7283.0
704499785726889984,120.0,Chihuahua,1124.0,3212.0
704480331685040129,110.0,Samoyed,1197.0,3723.0
704364645503647744,120.0,Pembroke,3999.0,8804.0
704347321748819968,100.0,Brittany_spaniel,393.0,1729.0
704054845121142784,120.0,Great_Pyrenees,1028.0,3201.0
703774238772166656,100.0,Labrador_retriever,526.0,2020.0
703769065844768768,100.0,boxer,1276.0,3621.0
703611486317502464,100.0,Pembroke,1709.0,4229.0
703425003149250560,90.0,miniature_pinscher,1559.0,4162.0
703382836347330562,120.0,golden_retriever,1285.0,3837.0
703356393781329922,90.0,Border_collie,429.0,2085.0
703268521220972544,120.0,kuvasz,618.0,2152.0
703079050210877440,110.0,Pembroke,3494.0,8064.0
702684942141153280,110.0,golden_retriever,1215.0,3516.0
702671118226825216,100.0,bloodhound,634.0,2398.0
702598099714314240,110.0,kelpie,3712.0,11332.0
702539513671897089,120.0,Pomeranian,1091.0,3134.0
702321140488925184,120.0,West_Highland_white_terrier,1156.0,3604.0
702276748847800320,110.0,Boston_bull,860.0,2706.0
702217446468493312,90.0,golden_retriever,1526.0,5268.0
701981390485725185,120.0,Pomeranian,1106.0,3755.0
701952816642965504,110.0,toy_poodle,1149.0,4167.0
701889187134500865,110.0,French_bulldog,1558.0,3905.0
701601587219795968,100.0,Chihuahua,523.0,2299.0
701570477911896070,90.0,Yorkshire_terrier,1055.0,3080.0
701545186879471618,100.0,Border_collie,680.0,2902.0
701214700881756160,120.0,Chihuahua,5812.0,13475.0
700890391244103680,110.0,schipperke,653.0,2437.0
700864154249383937,120.0,kuvasz,685.0,2828.0
700847567345688576,100.0,Rhodesian_ridgeback,558.0,2637.0
700747788515020802,110.0,Great_Pyrenees,10673.0,25130.0
700518061187723268,100.0,American_Staffordshire_terrier,915.0,2887.0
700505138482569216,120.0,Norwegian_elkhound,646.0,2487.0
700462010979500032,60.0,Pomeranian,2031.0,4537.0
700167517596164096,100.0,beagle,836.0,2903.0
700151421916807169,110.0,Italian_greyhound,754.0,2450.0
700143752053182464,100.0,golden_retriever,3129.0,8282.0
700029284593901568,100.0,West_Highland_white_terrier,661.0,2262.0
700002074055016451,90.0,Chihuahua,1529.0,3627.0
699801817392291840,110.0,golden_retriever,1088.0,3345.0
699788877217865730,120.0,Border_terrier,557.0,2458.0
699779630832685056,100.0,malinois,1397.0,3039.0
699775878809702401,110.0,Dandie_Dinmont,690.0,2150.0
699446877801091073,120.0,Pembroke,2938.0,6515.0
699434518667751424,120.0,golden_retriever,577.0,2384.0
699423671849451520,100.0,pug,383.0,1505.0
699413908797464576,110.0,Samoyed,688.0,2258.0
699370870310113280,110.0,cairn,497.0,2053.0
699323444782047232,100.0,Labrador_retriever,983.0,3466.0
699079609774645248,80.0,schipperke,745.0,2677.0
699072405256409088,120.0,Shih-Tzu,1325.0,3296.0
699036661657767936,130.0,Chihuahua,1345.0,2863.0
698989035503689728,130.0,Norfolk_terrier,1113.0,3701.0
698953797952008193,110.0,Italian_greyhound,1020.0,2975.0
698907974262222848,100.0,German_short-haired_pointer,699.0,2787.0
698710712454139905,100.0,Samoyed,774.0,2710.0
698703483621523456,70.0,Brittany_spaniel,425.0,1608.0
698635131305795584,120.0,Samoyed,388.0,1400.0
698549713696649216,90.0,French_bulldog,704.0,2536.0
698355670425473025,100.0,pug,516.0,2046.0
698342080612007937,110.0,boxer,1074.0,2485.0
698262614669991936,110.0,Italian_greyhound,2268.0,5214.0
698195409219559425,90.0,Labrador_retriever,6750.0,18408.0
698178924120031232,100.0,Chesapeake_Bay_retriever,830.0,3084.0
697995514407682048,110.0,Staffordshire_bullterrier,372.0,1665.0
697990423684476929,110.0,Pembroke,1451.0,3592.0
697943111201378304,100.0,Great_Dane,776.0,2638.0
697616773278015490,110.0,Lhasa,1144.0,3467.0
697596423848730625,110.0,Shetland_sheepdog,1425.0,3306.0
697575480820686848,80.0,whippet,572.0,2250.0
697463031882764288,110.0,Labrador_retriever,1552.0,3748.0
697270446429966336,100.0,toy_poodle,2087.0,5131.0
697259378236399616,80.0,Great_Dane,1136.0,3611.0
697255105972801536,100.0,Great_Dane,1315.0,3316.0
697242256848379904,100.0,Eskimo_dog,751.0,2753.0
696900204696625153,120.0,Chihuahua,1156.0,3492.0
696894894812565505,90.0,Appenzeller,758.0,2594.0
696886256886657024,120.0,kuvasz,2016.0,5317.0
696754882863349760,100.0,toy_poodle,396.0,1615.0
696713835009417216,90.0,Chesapeake_Bay_retriever,757.0,2613.0
696488710901260288,120.0,briard,1166.0,2788.0
696405997980676096,70.0,borzoi,1284.0,3531.0
695816827381944320,110.0,Pomeranian,1320.0,3287.0
695794761660297217,130.0,Samoyed,880.0,3490.0
695767669421768709,130.0,soft-coated_wheaten_terrier,854.0,2060.0
695629776980148225,80.0,Old_English_sheepdog,2377.0,5020.0
695446424020918272,120.0,basenji,2026.0,4787.0
695409464418041856,100.0,pug,4017.0,9460.0
695314793360662529,100.0,Maltese_dog,1675.0,4004.0
695095422348574720,120.0,papillon,684.0,2888.0
695074328191332352,110.0,Shih-Tzu,1239.0,3116.0
695051054296211456,60.0,Boston_bull,885.0,2918.0
694356675654983680,100.0,Pomeranian,328.0,1653.0
694352839993344000,100.0,Australian_terrier,700.0,2244.0
694329668942569472,90.0,boxer,569.0,2203.0
694206574471057408,100.0,Shih-Tzu,2297.0,4582.0
694183373896572928,90.0,Pekinese,1040.0,3236.0
694001791655137281,110.0,Pembroke,1176.0,3705.0
693942351086120961,100.0,groenendael,413.0,1896.0
693642232151285760,90.0,Scottish_deerhound,472.0,2790.0
693629975228977152,120.0,pug,894.0,2685.0
693622659251335168,100.0,malamute,422.0,1691.0
693280720173801472,100.0,Labrador_retriever,1403.0,3669.0
693262851218264065,110.0,golden_retriever,568.0,2459.0
693231807727280129,90.0,vizsla,841.0,3133.0
693155686491000832,120.0,Shih-Tzu,3622.0,8668.0
693109034023534592,110.0,cocker_spaniel,695.0,1889.0
693095443459342336,100.0,Yorkshire_terrier,523.0,2056.0
692919143163629568,90.0,Saint_Bernard,838.0,2926.0
692905862751522816,100.0,Mexican_hairless,998.0,2683.0
692901601640583168,100.0,soft-coated_wheaten_terrier,682.0,1971.0
692894228850999298,100.0,German_short-haired_pointer,910.0,2511.0
692828166163931137,120.0,Samoyed,998.0,3148.0
692752401762250755,130.0,Samoyed,4124.0,7496.0
692568918515392513,120.0,golden_retriever,1737.0,4739.0
692535307825213440,100.0,pug,1529.0,3504.0
692530551048294401,100.0,Siberian_husky,474.0,2021.0
692187005137076224,120.0,Siberian_husky,929.0,2768.0
692158366030913536,100.0,pug,896.0,2369.0
692142790915014657,130.0,toy_poodle,438.0,1798.0
692017291282812928,90.0,Tibetan_terrier,1081.0,3153.0
691756958957883396,100.0,Saint_Bernard,1161.0,3179.0
691675652215414786,100.0,Chihuahua,577.0,2116.0
691483041324204033,50.0,bloodhound,656.0,2608.0
691459709405118465,120.0,Shetland_sheepdog,1294.0,4449.0
691444869282295808,120.0,Bernese_mountain_dog,955.0,2890.0
691416866452082688,130.0,Lakeland_terrier,8689.0,21253.0
691321916024623104,110.0,Rottweiler,747.0,2828.0
691096613310316544,110.0,borzoi,1019.0,3253.0
690959652130045952,110.0,golden_retriever,1421.0,3902.0
690735892932222976,130.0,golden_retriever,1442.0,4134.0
690728923253055490,80.0,kuvasz,597.0,2384.0
690690673629138944,100.0,Maltese_dog,898.0,2547.0
690649993829576704,110.0,Mexican_hairless,325.0,1435.0
690597161306841088,110.0,Lhasa,681.0,2163.0
690400367696297985,100.0,Pembroke,509.0,2041.0
690374419777196032,110.0,kuvasz,972.0,3560.0
690360449368465409,90.0,pug,1006.0,2925.0
690021994562220032,100.0,malamute,1180.0,3056.0
690015576308211712,120.0,malamute,836.0,2740.0
690005060500217858,100.0,Samoyed,1907.0,4004.0
689999384604450816,100.0,standard_poodle,424.0,1561.0
689977555533848577,120.0,Labrador_retriever,502.0,1490.0
689905486972461056,110.0,Pomeranian,787.0,2651.0
689877686181715968,90.0,Old_English_sheepdog,1344.0,3323.0
689835978131935233,110.0,collie,850.0,2369.0
689661964914655233,120.0,Italian_greyhound,1052.0,3501.0
689623661272240129,100.0,toy_poodle,748.0,2467.0
689599056876867584,110.0,cocker_spaniel,6265.0,12795.0
689557536375177216,120.0,Eskimo_dog,519.0,2257.0
689517482558820352,120.0,Pembroke,1609.0,3735.0
689283819090870273,90.0,Scotch_terrier,1250.0,3624.0
689280876073582592,100.0,Chihuahua,819.0,2197.0
689275259254616065,100.0,American_Staffordshire_terrier,285.0,1273.0
689154315265683456,90.0,cocker_spaniel,1128.0,3348.0
689143371370250240,100.0,English_springer,579.0,2232.0
688916208532455424,110.0,Pembroke,983.0,3003.0
688898160958271489,100.0,Ibizan_hound,890.0,2307.0
688828561667567616,90.0,Cardigan,420.0,1508.0
688804835492233216,120.0,malinois,227.0,1043.0
688789766343622656,80.0,American_Staffordshire_terrier,759.0,2434.0
688547210804498433,90.0,papillon,789.0,2862.0
688519176466644993,120.0,Pembroke,825.0,2520.0
688385280030670848,120.0,golden_retriever,5035.0,10180.0
688116655151435777,100.0,pug,888.0,3093.0
688064179421470721,110.0,Eskimo_dog,408.0,1878.0
687826841265172480,120.0,Pomeranian,1292.0,2989.0
687818504314159109,120.0,Lakeland_terrier,1080.0,2758.0
687807801670897665,110.0,Staffordshire_bullterrier,801.0,2625.0
687704180304273409,90.0,miniature_pinscher,950.0,2660.0
687664829264453632,110.0,pug,576.0,2121.0
687494652870668288,70.0,Rottweiler,654.0,2104.0
687480748861947905,120.0,English_springer,281.0,1760.0
687460506001633280,100.0,Boston_bull,614.0,2243.0
687317306314240000,110.0,Shih-Tzu,10411.0,22073.0
687312378585812992,70.0,Great_Dane,2146.0,4777.0
687127927494963200,90.0,pug,2591.0,6004.0
687124485711986689,110.0,beagle,577.0,2371.0
687109925361856513,110.0,borzoi,2803.0,6370.0
687096057537363968,110.0,Labrador_retriever,695.0,2449.0
686730991906516992,120.0,Tibetan_mastiff,1350.0,4543.0
686683045143953408,110.0,Norwich_terrier,912.0,3072.0
686618349602762752,110.0,Rottweiler,1544.0,4042.0
686606069955735556,100.0,Labrador_retriever,607.0,2071.0
686386521809772549,110.0,Yorkshire_terrier,996.0,3553.0
686377065986265092,100.0,German_shepherd,637.0,2433.0
686358356425093120,100.0,pug,776.0,2398.0
686050296934563840,110.0,Pomeranian,836.0,2420.0
686034024800862208,120.0,Great_Dane,1324.0,3424.0
686007916130873345,110.0,Rhodesian_ridgeback,472.0,2704.0
685973236358713344,110.0,Siberian_husky,611.0,2326.0
685943807276412928,80.0,papillon,696.0,1801.0
685906723014619143,90.0,Yorkshire_terrier,3303.0,8277.0
685663452032069632,120.0,Chesapeake_Bay_retriever,1656.0,3557.0
685641971164143616,70.0,Lakeland_terrier,885.0,3218.0
685532292383666176,90.0,collie,1298.0,3336.0
685325112850124800,100.0,golden_retriever,4535.0,10471.0
685321586178670592,100.0,Boston_bull,735.0,2910.0
685315239903100929,110.0,chow,1234.0,3676.0
685307451701334016,110.0,Pomeranian,496.0,2262.0
685268753634967552,100.0,pug,1371.0,3419.0
685198997565345792,110.0,Old_English_sheepdog,764.0,2566.0
685169283572338688,110.0,Bernese_mountain_dog,1620.0,4489.0
684940049151070208,120.0,Border_collie,1191.0,3523.0
684926975086034944,110.0,Labrador_retriever,552.0,3849.0
684914660081053696,120.0,chow,1662.0,3848.0
684902183876321280,110.0,Pembroke,605.0,2053.0
684800227459624960,110.0,miniature_schnauzer,1124.0,2979.0
684594889858887680,100.0,Weimaraner,4016.0,9843.0
684538444857667585,120.0,Chihuahua,1085.0,2915.0
684481074559381504,100.0,Chihuahua,1320.0,4249.0
684460069371654144,100.0,Labrador_retriever,628.0,2169.0
684241637099323392,120.0,Pembroke,3727.0,8999.0
684225744407494656,110.0,golden_retriever,239.0,1369.0
684222868335505415,110.0,soft-coated_wheaten_terrier,1563.0,4225.0
684195085588783105,90.0,Chihuahua,595.0,2108.0
684188786104872960,100.0,kelpie,1343.0,3831.0
684177701129875456,100.0,chow,764.0,2215.0
684097758874210310,100.0,Labrador_retriever,1621.0,4515.0
683857920510050305,100.0,bluetick,1262.0,4163.0
683852578183077888,100.0,toy_poodle,397.0,2111.0
683849932751646720,50.0,Mexican_hairless,1116.0,2896.0
683834909291606017,90.0,Maltese_dog,1265.0,2880.0
683828599284170753,120.0,malamute,1195.0,3053.0
683773439333797890,90.0,miniature_pinscher,1533.0,3684.0
683742671509258241,110.0,Pembroke,3781.0,7162.0
683498322573824003,110.0,Airedale,1095.0,3469.0
683481228088049664,110.0,keeshond,1118.0,2878.0
683462770029932544,80.0,Italian_greyhound,761.0,2676.0
683449695444799489,100.0,Lakeland_terrier,1837.0,4290.0
683391852557561860,110.0,French_bulldog,2702.0,8356.0
683357973142474752,100.0,Pembroke,1059.0,3238.0
683142553609318400,90.0,Leonberg,1173.0,3162.0
683111407806746624,100.0,cocker_spaniel,1034.0,3736.0
683098815881154561,120.0,golden_retriever,736.0,2361.0
683078886620553216,90.0,Eskimo_dog,634.0,2176.0
683030066213818368,100.0,boxer,832.0,2370.0
682962037429899265,63.63636363636363,Chihuahua,15043.0,26239.0
682750546109968385,90.0,English_setter,494.0,1674.0
682662431982772225,110.0,beagle,1207.0,3326.0
682638830361513985,120.0,English_springer,675.0,2266.0
682429480204398592,80.0,whippet,1320.0,3769.0
682393905736888321,110.0,vizsla,773.0,2441.0
682389078323662849,90.0,curly-coated_retriever,518.0,1828.0
682303737705140231,90.0,Lakeland_terrier,1135.0,3389.0
682259524040966145,90.0,Siberian_husky,1375.0,4578.0
682032003584274432,110.0,schipperke,2294.0,7223.0
681981167097122816,120.0,Labrador_retriever,1161.0,3043.0
681891461017812993,100.0,Chihuahua,951.0,2706.0
681694085539872773,110.0,toy_poodle,4581.0,14010.0
681654059175129088,120.0,Pomeranian,1045.0,2903.0
681610798867845120,120.0,toy_poodle,533.0,2100.0
681579835668455424,80.0,Rottweiler,1489.0,3893.0
681523177663676416,120.0,Norfolk_terrier,6620.0,15749.0
681339448655802368,90.0,Labrador_retriever,4598.0,10202.0
681320187870711809,110.0,Samoyed,863.0,2918.0
681297372102656000,120.0,Lhasa,1091.0,3490.0
681281657291280384,110.0,Saint_Bernard,1258.0,3520.0
681261549936340994,90.0,Tibetan_terrier,308.0,1597.0
681231109724700672,110.0,Irish_setter,540.0,2629.0
681193455364796417,110.0,Pomeranian,1691.0,4077.0
680970795137544192,90.0,pug,749.0,2665.0
680959110691590145,90.0,pug,2243.0,4986.0
680940246314430465,40.0,soft-coated_wheaten_terrier,1225.0,3544.0
680934982542561280,100.0,Labrador_retriever,497.0,2285.0
680913438424612864,110.0,Pomeranian,705.0,2609.0
680889648562991104,90.0,Shetland_sheepdog,418.0,1945.0
680836378243002368,120.0,Pembroke,1513.0,3766.0
680801747103793152,100.0,pug,925.0,2600.0
680609293079592961,90.0,French_bulldog,816.0,2906.0
680497766108381184,120.0,Chihuahua,2162.0,4639.0
680494726643068929,260.0,kuvasz,542.0,1879.0
680473011644985345,100.0,Lakeland_terrier,844.0,2778.0
680191257256136705,110.0,Brittany_spaniel,577.0,2356.0
680161097740095489,120.0,bluetick,828.0,2538.0
680145970311643136,100.0,miniature_poodle,1972.0,3955.0
680130881361686529,100.0,Maltese_dog,1078.0,2519.0
680115823365742593,90.0,pug,1028.0,2972.0
680100725817409536,110.0,golden_retriever,1554.0,3891.0
680070545539371008,90.0,Shih-Tzu,994.0,2818.0
680055455951884288,100.0,Samoyed,8067.0,18278.0
679862121895714818,110.0,EntleBucher,706.0,2678.0
679854723806179328,70.0,chow,1402.0,3143.0
679844490799091713,100.0,Airedale,887.0,2593.0
679828447187857408,130.0,Chihuahua,15839.0,39726.0
679777920601223168,100.0,bloodhound,1281.0,3390.0
679736210798047232,90.0,French_bulldog,918.0,2311.0
679729593985699840,80.0,West_Highland_white_terrier,937.0,2367.0
679722016581222400,80.0,boxer,539.0,1817.0
679530280114372609,70.0,dalmatian,2347.0,5208.0
679511351870550016,70.0,Chihuahua,1461.0,3711.0
679475951516934144,90.0,Maltese_dog,728.0,2304.0
679462823135686656,110.0,toy_poodle,21324.0,34856.0
679158373988876288,110.0,pug,9193.0,23568.0
679148763231985668,80.0,Italian_greyhound,1163.0,3028.0
679132435750195208,100.0,Scottish_deerhound,1314.0,3253.0
679111216690831360,120.0,kelpie,2893.0,6514.0
679062614270468097,110.0,schipperke,9299.0,18712.0
679047485189439488,90.0,golden_retriever,781.0,2460.0
678991772295516161,120.0,Eskimo_dog,1333.0,2537.0
678969228704284672,110.0,Labrador_retriever,528.0,1796.0
678800283649069056,120.0,Labrador_retriever,1018.0,2810.0
678798276842360832,70.0,Airedale,1350.0,3804.0
678774928607469569,110.0,Pembroke,1043.0,3037.0
678764513869611008,100.0,Irish_terrier,544.0,1788.0
678755239630127104,100.0,malamute,3741.0,7802.0
678740035362037760,60.0,beagle,1926.0,4099.0
678643457146150913,100.0,Labrador_retriever,489.0,2250.0
678446151570427904,100.0,Staffordshire_bullterrier,1785.0,4358.0
678424312106393600,20.0,Maltese_dog,2880.0,5916.0
678410210315247616,100.0,schipperke,2072.0,4640.0
678399652199309312,120.0,Bedlington_terrier,30742.0,61794.0
678396796259975168,120.0,Pembroke,478.0,1731.0
678389028614488064,110.0,miniature_pinscher,473.0,2044.0
678380236862578688,100.0,Samoyed,1020.0,2655.0
678341075375947776,120.0,golden_retriever,612.0,1896.0
678334497360859136,100.0,Norfolk_terrier,304.0,1427.0
678278586130948096,100.0,Maltese_dog,6857.0,12531.0
678255464182861824,90.0,Chihuahua,418.0,1726.0
678021115718029313,120.0,miniature_pinscher,7148.0,15018.0
677918531514703872,100.0,Eskimo_dog,463.0,1476.0
677895101218201600,90.0,dalmatian,2384.0,5275.0
677716515794329600,120.0,chow,1104.0,3323.0
677700003327029250,100.0,Siberian_husky,1622.0,3689.0
677698403548192770,90.0,Shih-Tzu,363.0,1332.0
677687604918272002,110.0,Pembroke,950.0,2681.0
677673981332312066,90.0,Maltese_dog,1677.0,3603.0
677644091929329666,110.0,Chihuahua,886.0,2040.0
677565715327688705,60.0,basset,513.0,1409.0
677557565589463040,100.0,Shih-Tzu,1322.0,2665.0
677547928504967168,120.0,American_Staffordshire_terrier,4076.0,7568.0
677530072887205888,90.0,Staffordshire_bullterrier,250.0,1161.0
677334615166730240,90.0,Lakeland_terrier,328.0,1477.0
677331501395156992,90.0,beagle,265.0,1189.0
677328882937298944,100.0,kelpie,1693.0,3938.0
677314812125323265,100.0,Blenheim_spaniel,611.0,1799.0
677301033169788928,50.0,Japanese_spaniel,471.0,1362.0
677269281705472000,100.0,Shetland_sheepdog,790.0,2164.0
677187300187611136,90.0,English_setter,1033.0,2981.0
676975532580409345,110.0,malamute,1203.0,3015.0
676957860086095872,100.0,Labrador_retriever,907.0,2395.0
676949632774234114,80.0,Welsh_springer_spaniel,448.0,1413.0
676946864479084545,120.0,Pekinese,426.0,1844.0
676936541936185344,80.0,Chesapeake_Bay_retriever,5515.0,13809.0
676864501615042560,100.0,Chesapeake_Bay_retriever,808.0,2294.0
676821958043033607,110.0,Great_Pyrenees,17605.0,25124.0
676819651066732545,120.0,Labrador_retriever,741.0,1957.0
676811746707918848,90.0,Chihuahua,469.0,1536.0
676617503762681856,130.0,Chihuahua,1108.0,3149.0
676613908052996102,120.0,Doberman,219.0,1183.0
676606785097199616,120.0,malinois,490.0,2039.0
676603393314578432,90.0,whippet,440.0,1280.0
676588346097852417,50.0,Boston_bull,896.0,2533.0
676582956622721024,80.0,Boston_bull,312.0,1310.0
676575501977128964,80.0,Yorkshire_terrier,1254.0,2807.0
676533798876651520,120.0,chow,621.0,2025.0
676496375194980353,90.0,pug,602.0,1641.0
676470639084101634,110.0,golden_retriever,5224.0,12616.0
676440007570247681,110.0,Maltese_dog,748.0,1863.0
676430933382295552,100.0,golden_retriever,385.0,1526.0
676263575653122048,100.0,toy_poodle,609.0,2243.0
676237365392908289,80.0,French_bulldog,331.0,1335.0
676219687039057920,100.0,whippet,31989.0,67100.0
676191832485810177,100.0,Chihuahua,1145.0,2478.0
676146341966438401,100.0,Irish_water_spaniel,744.0,2077.0
676101918813499392,110.0,Shih-Tzu,1284.0,3042.0
676089483918516224,90.0,bull_mastiff,483.0,1431.0
675898130735476737,100.0,Labrador_retriever,653.0,1774.0
675891555769696257,60.0,Italian_greyhound,976.0,2297.0
675888385639251968,100.0,West_Highland_white_terrier,1067.0,2581.0
675878199931371520,110.0,Cardigan,1570.0,4531.0
675870721063669760,110.0,golden_retriever,632.0,1783.0
675853064436391936,110.0,Labrador_retriever,1460.0,2927.0
675845657354215424,100.0,pug,1000.0,2477.0
675822767435051008,100.0,Pomeranian,591.0,1652.0
675820929667219457,110.0,basset,260.0,1140.0
675798442703122432,100.0,beagle,3787.0,11101.0
675781562965868544,110.0,Maltese_dog,537.0,1750.0
675740360753160193,120.0,golden_retriever,388.0,1257.0
675710890956750848,120.0,standard_schnauzer,928.0,2046.0
675707330206547968,110.0,Staffordshire_bullterrier,771.0,2154.0
675706639471788032,100.0,English_springer,106.0,693.0
675534494439489536,110.0,chow,470.0,1953.0
675531475945709568,100.0,Pembroke,428.0,1276.0
675522403582218240,100.0,cocker_spaniel,316.0,1122.0
675517828909424640,120.0,Scottish_deerhound,507.0,1414.0
675497103322386432,110.0,vizsla,1443.0,3397.0
675489971617296384,100.0,West_Highland_white_terrier,672.0,1406.0
675432746517426176,120.0,Labrador_retriever,627.0,1623.0
675372240448454658,130.0,Chihuahua,563.0,1838.0
675362609739206656,120.0,Labrador_retriever,262.0,1136.0
675354435921575936,130.0,golden_retriever,18963.0,35178.0
675349384339542016,130.0,borzoi,2532.0,4237.0
675334060156301312,120.0,Pembroke,1436.0,3007.0
675166823650848770,100.0,standard_poodle,1795.0,3920.0
675149409102012420,120.0,chow,1878.0,4037.0
675147105808306176,100.0,golden_retriever,273.0,1026.0
675146535592706048,70.0,Cardigan,349.0,1300.0
675145476954566656,90.0,Labrador_retriever,1011.0,2305.0
675111688094527488,80.0,Labrador_retriever,283.0,1042.0
675109292475830276,90.0,dalmatian,1259.0,3006.0
675047298674663426,110.0,Samoyed,366.0,1141.0
675015141583413248,100.0,golden_retriever,1335.0,2918.0
675006312288268288,100.0,boxer,252.0,1057.0
675003128568291329,120.0,Pembroke,517.0,1672.0
674999807681908736,130.0,Rottweiler,1232.0,2433.0
674805413498527744,100.0,English_springer,391.0,934.0
674800520222154752,110.0,Pembroke,949.0,3240.0
674793399141146624,130.0,giant_schnauzer,1225.0,2697.0
674790488185167872,130.0,Labrador_retriever,278.0,1180.0
674788554665512960,90.0,miniature_poodle,230.0,871.0
674774481756377088,110.0,Chihuahua,532.0,1213.0
674764817387900928,100.0,Samoyed,263.0,852.0
674752233200820224,120.0,vizsla,516.0,1580.0
674743008475090944,100.0,Bernese_mountain_dog,607.0,1514.0
674739953134403584,110.0,Dandie_Dinmont,437.0,1194.0
674737130913071104,100.0,Pomeranian,103.0,693.0
674670581682434048,90.0,malamute,729.0,1751.0
674646392044941312,50.0,flat-coated_retriever,557.0,1533.0
674644256330530816,110.0,basset,311.0,1111.0
674638615994089473,120.0,Pomeranian,650.0,1806.0
674468880899788800,130.0,chow,2275.0,6676.0
674447403907457024,100.0,Brabancon_griffon,393.0,1137.0
674436901579923456,90.0,Shih-Tzu,426.0,1198.0
674422304705744896,120.0,golden_retriever,592.0,1536.0
674416750885273600,100.0,Chihuahua,157.0,731.0
674410619106390016,100.0,beagle,515.0,1289.0
674394782723014656,80.0,Lakeland_terrier,635.0,1607.0
674291837063053312,110.0,Cardigan,6533.0,15817.0
674271431610523648,100.0,German_shepherd,800.0,1682.0
674269164442398721,80.0,pug,255.0,961.0
674262580978937856,90.0,Greater_Swiss_Mountain_dog,498.0,1391.0
674255168825880576,100.0,Eskimo_dog,619.0,1581.0
674082852460433408,110.0,Pomeranian,186.0,804.0
674075285688614912,110.0,Airedale,316.0,1047.0
674053186244734976,100.0,Cardigan,1441.0,3576.0
674051556661161984,100.0,Shih-Tzu,530.0,1564.0
674042553264685056,120.0,toy_poodle,142.0,772.0
674038233588723717,120.0,Eskimo_dog,456.0,1176.0
674036086168010753,90.0,toy_poodle,240.0,906.0
674024893172875264,100.0,Pomeranian,1360.0,1914.0
674019345211760640,100.0,collie,340.0,1208.0
674014384960745472,110.0,Pembroke,714.0,1676.0
673956914389192708,100.0,pug,1069.0,2091.0
673919437611909120,110.0,schipperke,401.0,1251.0
673906403526995968,30.0,soft-coated_wheaten_terrier,1799.0,3406.0
673887867907739649,100.0,Brabancon_griffon,274.0,994.0
673711475735838725,100.0,Maltese_dog,325.0,1114.0
673709992831262724,120.0,Chihuahua,306.0,908.0
673708611235921920,120.0,golden_retriever,315.0,1153.0
673707060090052608,100.0,German_short-haired_pointer,434.0,1177.0
673705679337693185,80.0,Shih-Tzu,439.0,1337.0
673689733134946305,110.0,Chesapeake_Bay_retriever,700.0,1855.0
673688752737402881,90.0,soft-coated_wheaten_terrier,534.0,1325.0
673686845050527744,110.0,Pekinese,479.0,1544.0
673680198160809984,130.0,Samoyed,521.0,1460.0
673662677122719744,120.0,Labrador_retriever,397.0,1339.0
673656262056419329,100.0,bull_mastiff,265.0,769.0
673636718965334016,100.0,pug,404.0,1194.0
673612854080196609,70.0,Newfoundland,802.0,1691.0
673583129559498752,110.0,golden_retriever,403.0,1273.0
673580926094458881,80.0,beagle,297.0,882.0
673359818736984064,80.0,English_setter,728.0,1558.0
673355879178194945,110.0,Rottweiler,652.0,1606.0
673352124999274496,120.0,golden_retriever,597.0,1761.0
673350198937153538,90.0,West_Highland_white_terrier,229.0,784.0
673345638550134785,70.0,Pomeranian,1422.0,2700.0
673343217010679808,110.0,Chihuahua,289.0,1038.0
673342308415348736,100.0,Chihuahua,649.0,1362.0
673320132811366400,110.0,Samoyed,8705.0,14441.0
673317986296586240,100.0,miniature_pinscher,293.0,924.0
673295268553605120,80.0,golden_retriever,3484.0,8046.0
673270968295534593,110.0,Shih-Tzu,400.0,1134.0
673240798075449344,60.0,Airedale,798.0,1510.0
673213039743795200,100.0,schipperke,929.0,2410.0
672997845381865473,120.0,chow,786.0,2092.0
672995267319328768,80.0,French_bulldog,328.0,1001.0
672988786805112832,100.0,Lakeland_terrier,314.0,1039.0
672980819271634944,50.0,basset,1079.0,1930.0
672975131468300288,100.0,pug,1015.0,1813.0
672968025906282496,110.0,toy_poodle,602.0,1405.0
672964561327235073,100.0,Chihuahua,701.0,1530.0
672877615439593473,80.0,Chihuahua,405.0,1096.0
672834301050937345,100.0,Pembroke,623.0,1398.0
672640509974827008,90.0,Chesapeake_Bay_retriever,348.0,1032.0
672622327801233409,120.0,golden_retriever,542.0,1377.0
672604026190569472,110.0,toy_poodle,445.0,1188.0
672594978741354496,90.0,Great_Pyrenees,661.0,1411.0
672591762242805761,100.0,kuvasz,367.0,1014.0
672538107540070400,70.0,Chihuahua,404.0,1089.0
672523490734551040,100.0,golden_retriever,189.0,696.0
672488522314567680,100.0,Doberman,482.0,1187.0
672482722825261057,100.0,West_Highland_white_terrier,665.0,1221.0
672481316919734272,120.0,Border_collie,137.0,757.0
672466075045466113,120.0,cocker_spaniel,598.0,1447.0
672272411274932228,110.0,pug,3677.0,6888.0
672267570918129665,100.0,Irish_terrier,666.0,1588.0
672264251789176834,100.0,Chihuahua,383.0,1212.0
672254177670729728,110.0,pug,800.0,1515.0
672248013293752320,100.0,Irish_terrier,656.0,1833.0
672245253877968896,120.0,Chihuahua,169.0,733.0
672239279297454080,70.0,pug,347.0,953.0
672222792075620352,90.0,beagle,231.0,833.0
672205392827572224,90.0,pug,1270.0,2414.0
672169685991993344,100.0,cocker_spaniel,408.0,1074.0
672160042234327040,80.0,pug,395.0,918.0
672139350159835138,120.0,Rottweiler,792.0,1876.0
672125275208069120,110.0,golden_retriever,1253.0,2578.0
672095186491711488,90.0,pug,395.0,1063.0
672082170312290304,110.0,toy_poodle,402.0,1003.0
672068090318987265,70.0,pug,564.0,1389.0
671896809300709376,100.0,chow,4519.0,9016.0
671891728106971137,110.0,Labrador_retriever,618.0,1415.0
671866342182637568,100.0,Labrador_retriever,548.0,1191.0
671789708968640512,130.0,dalmatian,3811.0,7527.0
671768281401958400,100.0,Chihuahua,572.0,1269.0
671743150407421952,110.0,toy_poodle,248.0,779.0
671735591348891648,110.0,Irish_wolfhound,819.0,1534.0
671729906628341761,130.0,kuvasz,4795.0,9119.0
671561002136281088,130.0,Gordon_setter,7931.0,13679.0
671542985629241344,100.0,Shetland_sheepdog,616.0,1166.0
671536543010570240,90.0,pug,441.0,1253.0
671528761649688577,100.0,Doberman,280.0,896.0
671520732782923777,100.0,Pomeranian,582.0,1499.0
671518598289059840,90.0,Lakeland_terrier,319.0,1010.0
671504605491109889,110.0,toy_poodle,3866.0,7495.0
671486386088865792,100.0,German_shepherd,226.0,621.0
671485057807351808,110.0,Samoyed,253.0,806.0
671357843010908160,90.0,Italian_greyhound,157.0,426.0
671355857343524864,100.0,miniature_poodle,119.0,508.0
671186162933985280,100.0,Chihuahua,241.0,788.0
671182547775299584,120.0,Rottweiler,378.0,1193.0
671163268581498880,80.0,Scottish_deerhound,1198.0,1763.0
671154572044468225,110.0,Labrador_retriever,241.0,769.0
671151324042559489,120.0,Rottweiler,166.0,714.0
671147085991960577,90.0,Yorkshire_terrier,254.0,713.0
671141549288370177,90.0,borzoi,713.0,1246.0
671138694582165504,100.0,Samoyed,448.0,996.0
671134062904504320,80.0,Shih-Tzu,212.0,796.0
671122204919246848,40.0,Chihuahua,2763.0,3729.0
671115716440031232,60.0,malinois,842.0,1436.0
671109016219725825,80.0,basenji,478.0,1225.0
670995969505435648,120.0,redbone,317.0,1175.0
670840546554966016,100.0,Shih-Tzu,213.0,634.0
670833812859932673,70.0,Pekinese,135.0,474.0
670832455012716544,100.0,malinois,242.0,780.0
670823764196741120,120.0,Labrador_retriever,205.0,824.0
670822709593571328,100.0,Chihuahua,105.0,647.0
670815497391357952,100.0,American_Staffordshire_terrier,1708.0,3410.0
670811965569282048,100.0,basset,295.0,1202.0
670807719151067136,110.0,Old_English_sheepdog,546.0,1234.0
670804601705242624,100.0,Pomeranian,1035.0,2098.0
670803562457407488,100.0,basenji,95.0,362.0
670797304698376195,110.0,Pembroke,262.0,780.0
670792680469889025,70.0,toy_poodle,298.0,889.0
670789397210615808,90.0,beagle,255.0,700.0
670786190031921152,80.0,Pembroke,218.0,640.0
670782429121134593,50.0,Chihuahua,863.0,1691.0
670780561024270336,70.0,Labrador_retriever,317.0,831.0
670778058496974848,100.0,pug,77.0,345.0
670764103623966721,100.0,Norfolk_terrier,466.0,1154.0
670755717859713024,90.0,keeshond,123.0,475.0
670717338665226240,120.0,Pomeranian,547.0,1301.0
670704688707301377,60.0,Norwich_terrier,405.0,814.0
670691627984359425,80.0,Shetland_sheepdog,266.0,632.0
670679630144274432,80.0,Ibizan_hound,315.0,799.0
670676092097810432,80.0,Dandie_Dinmont,45.0,267.0
670452855871037440,110.0,malamute,225.0,580.0
670444955656130560,100.0,English_springer,2153.0,7120.0
670442337873600512,110.0,Sussex_spaniel,213.0,690.0
670435821946826752,100.0,basenji,570.0,1127.0
670434127938719744,110.0,Chesapeake_Bay_retriever,708.0,1501.0
670433248821026816,100.0,giant_schnauzer,122.0,345.0
670428280563085312,110.0,chow,694.0,1484.0
670427002554466305,90.0,toy_terrier,179.0,551.0
670421925039075328,120.0,Chihuahua,709.0,1415.0
670411370698022913,120.0,Maltese_dog,991.0,2176.0
670403879788544000,100.0,pug,173.0,460.0
670385711116361728,80.0,whippet,234.0,593.0
670374371102445568,120.0,English_springer,295.0,785.0
670338931251150849,100.0,cairn,122.0,451.0
670319130621435904,110.0,Irish_terrier,1359.0,4110.0
670303360680108032,90.0,Shetland_sheepdog,151.0,452.0
670290420111441920,110.0,Chihuahua,315.0,750.0
670093938074779648,90.0,toy_poodle,365.0,1106.0
670086499208155136,100.0,German_short-haired_pointer,275.0,740.0
670073503555706880,100.0,malamute,874.0,1674.0
670061506722140161,110.0,Italian_greyhound,373.0,822.0
670046952931721218,110.0,Blenheim_spaniel,191.0,684.0
670040295598354432,100.0,borzoi,118.0,801.0
670003130994700288,100.0,beagle,100.0,352.0
669993076832759809,90.0,toy_poodle,92.0,344.0
669970042633789440,100.0,miniature_pinscher,65.0,317.0
669942763794931712,110.0,vizsla,183.0,536.0
669926384437997569,120.0,Pomeranian,115.0,400.0
669753178989142016,100.0,Pembroke,431.0,858.0
669683899023405056,100.0,Pomeranian,119.0,412.0
669680153564442624,80.0,dalmatian,311.0,712.0
669625907762618368,120.0,golden_retriever,1963.0,3769.0
669603084620980224,100.0,Maltese_dog,401.0,1006.0
669597912108789760,100.0,Eskimo_dog,163.0,550.0
669573570759163904,100.0,West_Highland_white_terrier,156.0,467.0
669567591774625800,90.0,Chihuahua,61.0,248.0
669564461267722241,100.0,toy_poodle,133.0,413.0
669393256313184256,100.0,cocker_spaniel,83.0,383.0
669375718304980992,60.0,Airedale,792.0,1425.0
669371483794317312,100.0,Brabancon_griffon,196.0,524.0
669367896104181761,100.0,basset,172.0,485.0
669363888236994561,100.0,golden_retriever,252.0,669.0
669359674819481600,110.0,Labrador_retriever,134.0,390.0
669354382627049472,80.0,Chihuahua,1390.0,2889.0
669353438988365824,100.0,Pembroke,281.0,687.0
669328503091937280,120.0,Siberian_husky,452.0,1081.0
669327207240699904,130.0,golden_retriever,127.0,610.0
669324657376567296,110.0,Cardigan,223.0,525.0
669216679721873412,80.0,golden_retriever,422.0,958.0
669203728096960512,90.0,pug,522.0,1074.0
669037058363662336,100.0,Chihuahua,336.0,698.0
669006782128353280,120.0,Chihuahua,269.0,610.0
669000397445533696,110.0,Pembroke,6965.0,22118.0
668994913074286592,50.0,English_springer,254.0,468.0
668989615043424256,30.0,pug,356.0,726.0
668986018524233728,90.0,Chihuahua,183.0,578.0
668979806671884288,120.0,golden_retriever,382.0,842.0
668975677807423489,110.0,basset,641.0,1386.0
668960084974809088,100.0,Chesapeake_Bay_retriever,263.0,757.0
668955713004314625,100.0,cocker_spaniel,77.0,300.0
668932921458302977,90.0,standard_poodle,63.0,284.0
668902994700836864,110.0,Brittany_spaniel,107.0,338.0
668892474547511297,110.0,kelpie,164.0,422.0
668872652652679168,110.0,miniature_schnauzer,322.0,566.0
668852170888998912,110.0,golden_retriever,184.0,479.0
668826086256599040,100.0,malinois,150.0,467.0
668815180734689280,70.0,redbone,291.0,610.0
668779399630725120,100.0,Chesapeake_Bay_retriever,409.0,749.0
668655139528511488,110.0,beagle,233.0,562.0
668641109086707712,100.0,pug,573.0,1145.0
668636665813057536,100.0,komondor,528.0,1114.0
668633411083464705,100.0,Pekinese,1788.0,3024.0
668631377374486528,50.0,miniature_schnauzer,349.0,763.0
668627278264475648,90.0,French_bulldog,123.0,341.0
668625577880875008,100.0,groenendael,140.0,417.0
668623201287675904,100.0,Chihuahua,851.0,1551.0
668567822092664832,110.0,Shih-Tzu,62.0,265.0
668542336805281792,100.0,American_Staffordshire_terrier,231.0,497.0
668537837512433665,80.0,Lakeland_terrier,79.0,265.0
668528771708952576,120.0,Labrador_retriever,242.0,496.0
668507509523615744,100.0,basenji,116.0,345.0
668496999348633600,80.0,Staffordshire_bullterrier,146.0,436.0
668484198282485761,90.0,standard_poodle,253.0,453.0
668480044826800133,110.0,Labrador_retriever,162.0,491.0
668297328638447616,90.0,Eskimo_dog,319.0,656.0
668286279830867968,110.0,golden_retriever,149.0,535.0
668274247790391296,100.0,soft-coated_wheaten_terrier,248.0,886.0
668268907921326080,100.0,Pembroke,261.0,592.0
668256321989451776,130.0,Pembroke,667.0,1385.0
668248472370458624,80.0,Chihuahua,523.0,1056.0
668237644992782336,100.0,chow,3100.0,6614.0
668221241640230912,100.0,chow,215.0,537.0
668204964695683073,80.0,Labrador_retriever,206.0,586.0
668190681446379520,120.0,Blenheim_spaniel,210.0,696.0
668171859951755264,70.0,Chihuahua,208.0,525.0
668113020489474048,60.0,Pembroke,265.0,709.0
667924896115245057,90.0,Labrador_retriever,119.0,318.0
667915453470232577,100.0,boxer,59.0,222.0
667902449697558528,90.0,Norwegian_elkhound,396.0,905.0
667886921285246976,110.0,Pomeranian,1180.0,2011.0
667885044254572545,100.0,malamute,530.0,868.0
667878741721415682,20.0,miniature_pinscher,127.0,409.0
667861340749471744,90.0,malamute,86.0,253.0
667832474953625600,120.0,miniature_pinscher,68.0,303.0
667806454573760512,100.0,Chihuahua,535.0,1111.0
667801013445750784,120.0,flat-coated_retriever,101.0,346.0
667793409583771648,80.0,dalmatian,358.0,736.0
667773195014021121,80.0,West_Highland_white_terrier,61.0,243.0
667728196545200128,110.0,kuvasz,162.0,398.0
667550904950915073,120.0,vizsla,37.0,0.0
667546741521195010,90.0,toy_poodle,138.0,355.0
667544320556335104,100.0,Pomeranian,568.0,917.0
667538891197542400,90.0,Yorkshire_terrier,72.0,220.0
667534815156183040,80.0,Pembroke,576.0,866.0
667530908589760512,100.0,golden_retriever,264.0,501.0
667524857454854144,120.0,Chesapeake_Bay_retriever,1198.0,1798.0
667517642048163840,80.0,Italian_greyhound,203.0,389.0
667509364010450944,120.0,beagle,2272.0,7148.0
667502640335572993,110.0,Labrador_retriever,231.0,563.0
667495797102141441,90.0,Chihuahua,294.0,565.0
667491009379606528,70.0,borzoi,242.0,559.0
667470559035432960,110.0,toy_poodle,102.0,273.0
667455448082227200,70.0,Tibetan_terrier,66.0,203.0
667453023279554560,110.0,Labrador_retriever,96.0,327.0
667435689202614272,120.0,Rottweiler,89.0,326.0
667405339315146752,70.0,Saint_Bernard,234.0,489.0
667393430834667520,80.0,papillon,60.0,211.0
667211855547486208,90.0,golden_retriever,258.0,516.0
667200525029539841,110.0,Siberian_husky,282.0,658.0
667192066997374976,120.0,Rottweiler,115.0,414.0
667182792070062081,100.0,golden_retriever,6618.0,15075.0
667177989038297088,80.0,vizsla,58.0,200.0
667176164155375616,40.0,soft-coated_wheaten_terrier,484.0,640.0
667174963120574464,90.0,toy_poodle,88.0,262.0
667171260800061440,100.0,giant_schnauzer,97.0,235.0
667165590075940865,100.0,miniature_pinscher,1241.0,2819.0
667160273090932737,110.0,golden_retriever,66.0,268.0
667152164079423490,120.0,toy_poodle,18285.0,49720.0
667138269671505920,100.0,West_Highland_white_terrier,2387.0,4851.0
667119796878725120,100.0,Pembroke,135.0,346.0
667090893657276420,70.0,Chihuahua,132.0,349.0
667073648344346624,100.0,Chihuahua,134.0,425.0
667062181243039745,100.0,Chesapeake_Bay_retriever,57.0,227.0
667044094246576128,120.0,golden_retriever,54.0,198.0
666996132027977728,100.0,Rottweiler,102.0,258.0
666835007768551424,100.0,Airedale,83.0,222.0
666826780179869698,120.0,Maltese_dog,105.0,266.0
666817836334096384,90.0,miniature_schnauzer,267.0,540.0
666804364988780544,80.0,English_setter,95.0,250.0
666781792255496192,100.0,Italian_greyhound,211.0,404.0
666776908487630848,50.0,miniature_pinscher,186.0,368.0
666739327293083650,100.0,miniature_poodle,71.0,244.0
666701168228331520,80.0,Labrador_retriever,234.0,449.0
666691418707132416,80.0,German_shepherd,51.0,196.0
666649482315059201,40.0,Border_collie,608.0,923.0
666644823164719104,90.0,Ibizan_hound,88.0,238.0
666454714377183233,100.0,dalmatian,223.0,545.0
666447344410484738,90.0,curly-coated_retriever,23.0,107.0
666437273139982337,70.0,Chihuahua,52.0,131.0
666435652385423360,100.0,Chesapeake_Bay_retriever,54.0,170.0
666430724426358785,60.0,Irish_terrier,204.0,330.0
666428276349472768,70.0,Pembroke,90.0,171.0
666421158376562688,120.0,Blenheim_spaniel,118.0,327.0
666418789513326592,100.0,toy_terrier,48.0,129.0
666407126856765440,70.0,black-and-tan_coonhound,44.0,113.0
666396247373291520,90.0,Chihuahua,92.0,172.0
666373753744588802,110.0,soft-coated_wheaten_terrier,100.0,194.0
666353288456101888,80.0,malamute,77.0,229.0
666345417576210432,100.0,golden_retriever,146.0,307.0
666337882303524864,90.0,Newfoundland,96.0,204.0
666287406224695296,50.0,Maltese_dog,71.0,152.0
666273097616637952,110.0,Italian_greyhound,82.0,184.0
666102155909144576,110.0,English_setter,16.0,81.0
666099513787052032,80.0,Lhasa,73.0,164.0
666094000022159362,90.0,bloodhound,79.0,169.0
666082916733198337,60.0,pug,47.0,121.0
666073100786774016,100.0,Walker_hound,174.0,335.0
666071193221509120,90.0,Gordon_setter,67.0,154.0
666063827256086533,100.0,golden_retriever,232.0,496.0
666058600524156928,80.0,miniature_poodle,61.0,115.0
666057090499244032,90.0,golden_retriever,146.0,304.0
666055525042405380,100.0,chow,261.0,448.0
666050758794694657,100.0,Bernese_mountain_dog,60.0,136.0
666049248165822465,50.0,miniature_pinscher,41.0,111.0
666044226329800704,60.0,Rhodesian_ridgeback,147.0,311.0
666033412701032449,90.0,German_shepherd,47.0,128.0
666029285002620928,70.0,redbone,48.0,132.0
666020888022790149,80.0,Welsh_springer_spaniel,532.0,2535.0
